,Decade,Occupation,Total Weight,Female,Male
439,1900,accountant,12404.30000000003,0.0776488798239318,0.922351120176068
440,1900,administrator,39762.610000000015,0.034090066019308,0.965909933980692
441,1900,architect,21627.060000000038,0.0210518674290448,0.978948132570955
442,1900,artist,26011.100000000013,0.4727481728954182,0.5272518271045816
443,1900,athlete,13826.330000000007,0.031169514976136,0.9688304850238642
444,1900,attendant,23802.56000000001,0.5122848130621244,0.4877151869378755
445,1900,auctioneer,2854.829999999997,0.0,1.0
446,1900,author,1857.93,0.4577029274515186,0.5422970725484814
447,1900,bailiff,7455.210000000001,0.0130485928632459,0.9869514071367539
448,1900,baker,78119.37999999902,0.05387011520060771,0.9461298847993922
449,1900,bankteller,3965.319999999997,0.0197487214146651,0.9802512785853348
450,1900,bartender,91935.32999999812,0.0116251282287236,0.9883748717712765
451,1900,blacksmith,219371.83000000505,0.0043688836438114,0.9956311163561886
452,1900,boilermaker,29519.200000000124,0.0046884739423832,0.9953115260576167
453,1900,bookbinder,24336.64999999999,0.419960019148075,0.580039980851925
454,1900,bootblack,7860.529999999986,0.0328641961801558,0.9671358038198442
455,1900,broker,121051.60999999932,0.0255378676913096,0.9744621323086904
456,1900,cabinetmaker,40297.0900000001,0.0078196713459954,0.9921803286540044
457,1900,carpenter,606551.3399999746,0.0065937534652881,0.9934062465347119
458,1900,cashier,24862.420000000016,0.5411605145436371,0.4588394854563629
459,1900,chemist,8387.020000000015,0.0213496569699368,0.9786503430300633
460,1900,clergy,119679.20999999924,0.10058589123374131,0.8994141087662587
461,1900,clerical,288935.16999999987,0.1335046889584262,0.8664953110415737
462,1900,clerk,42195.52999999988,0.0191942132259033,0.9808057867740966
463,1900,compositor,114349.24999999984,0.1096122624328537,0.8903877375671462
464,1900,conductor,82475.06999999983,0.0103175420160298,0.9896824579839699
465,1900,conservationist,1451.2199999999998,0.0271151169360951,0.9728848830639047
466,1900,constable,8481.32,0.004674979838044,0.995325020161956
467,1900,cook,278570.6699999992,0.7392663771817759,0.2607336228182241
468,1900,craftsperson,110598.72000000016,0.019076531807963,0.980923468192037
469,1900,dancer,1084.46,0.5085480331224757,0.4914519668775243
470,1900,dentist,29086.869999999988,0.0316799298102546,0.9683200701897452
471,1900,designer,4693.25,0.1336706972780056,0.8663293027219943
472,1900,dietitian,19.52,1.0,0.0
473,1900,doctor,130245.16000000115,0.0486126317476976,0.9513873682523024
474,1900,doorkeeper,58397.95999999988,0.0087504769002205,0.9912495230997794
475,1900,draftsperson,11411.210000000015,0.024222672267007504,0.9757773277329924
476,1900,driver,545988.0099999985,0.0100963206133409,0.9899036793866592
477,1900,electrician,50326.05999999992,0.010787452862393698,0.9892125471376062
478,1900,eletrotyper,2783.2999999999965,0.014263643875974499,0.9857363561240254
479,1900,engineer,256071.07000000044,0.005128693374069899,0.99487130662593
480,1900,entertainer,17806.030000000042,0.47840647241412,0.5215935275858801
481,1900,farmer,5824509.990000187,0.060634594258802306,0.9393654057411976
482,1900,fireperson,80901.18999999989,0.0055933664263776,0.9944066335736224
483,1900,gardener,57185.26000000014,0.0306325441206352,0.9693674558793647
484,1900,geologist,157.53,0.0,1.0
485,1900,guard,58397.95999999988,0.0087504769002205,0.9912495230997794
486,1900,housekeeper,2057797.710000006,0.9435037761802156,0.0564962238197843
487,1900,huckster,68738.59000000005,0.0404854100149566,0.9595145899850434
488,1900,inspector,30933.15000000001,0.0412075718121174,0.9587924281878826
489,1900,instructor,8230.199999999995,0.0740419430876528,0.9259580569123472
490,1900,janitor,61268.16000000007,0.1870345053613491,0.8129654946386509
491,1900,jeweler,51461.189999999886,0.0568216553095645,0.9431783446904356
492,1900,judge,97612.2199999994,0.0113615897681663,0.9886384102318336
493,1900,laborer,8533583.08000023,0.0981711623530598,0.90182883764694
494,1900,lawyer,97612.2199999994,0.0113615897681663,0.9886384102318336
495,1900,librarian,224650.2300000016,0.2828979520742057,0.7171020479257944
496,1900,lumberjack,38749.21000000001,0.0091428960745264,0.9908571039254737
497,1900,machinist,272179.960000007,0.0096586096933805,0.9903413903066194
498,1900,mailperson,157867.91999999998,0.0754569389398429,0.924543061060157
499,1900,manager,1385639.6800000006,0.0696332613684966,0.9303667386315032
500,1900,mason,147901.18000000133,0.0065764181191792,0.9934235818808207
501,1900,mechanic,1702348.500000006,0.2964357004455893,0.7035642995544107
502,1900,midwife,5713.2199999999975,0.9895768060743328,0.0104231939256671
503,1900,milliner,85812.26999999897,0.9535862412216802,0.0464137587783197
504,1900,millwright,11404.959999999995,0.008658513488868,0.991341486511132
505,1900,molder,91874.9699999986,0.0051286003141008,0.9948713996858993
506,1900,musician,95071.90999999984,0.57629219818977,0.42370780181023
507,1900,newsperson,36701.54999999998,0.0669772802511065,0.9330227197488936
508,1900,nurse,115193.25999999912,0.9364986284787836,0.0635013715212162
509,1900,nutritionist,19.52,1.0,0.0
510,1900,official,1409030.730000001,0.0683809855587748,0.9316190144412252
511,1900,operator,188209.0899999993,0.11693074973158869,0.8830692502684112
512,1900,optometrist,19.43,1.0,0.0
513,1900,osteopath,389.25,0.34882466281310215,0.6511753371868979
514,1900,painter,41456.46999999994,0.0501583950587206,0.9498416049412791
515,1900,paperhanger,21187.29999999994,0.0175388086259221,0.9824611913740778
516,1900,peddler,68738.59000000005,0.0404854100149566,0.9595145899850434
517,1900,pharmacist,54098.46999999986,0.0244034627966373,0.9755965372033626
518,1900,photographer,26976.490000000034,0.11129246243673642,0.8887075375632636
519,1900,physician,130245.16000000115,0.0486126317476976,0.9513873682523024
520,1900,physicist,19.47,0.0,1.0
521,1900,pilot,58.97,0.0,1.0
522,1900,plasterer,36875.15999999988,0.0084097262222048,0.9915902737777951
523,1900,plumber,90527.7299999974,0.005418008382625,0.994581991617375
524,1900,police,60504.59999999987,0.0052166281571979,0.994783371842802
525,1900,porter,73911.30000000012,0.0148572681037946,0.9851427318962054
526,1900,postmaster,22361.039999999997,0.2858494059310302,0.7141505940689696
527,1900,professor,9172.229999999998,0.0751485734657766,0.9248514265342234
528,1900,proprietor,1373470.9000000006,0.0691922267883506,0.9308077732116494
529,1900,retired,92966.66999999904,0.0920437399769197,0.9079562600230804
530,1900,sailor,52363.51999999979,0.016324723777164,0.983675276222836
531,1900,sales,1024045.3400000044,0.1969993926245478,0.8030006073754522
532,1900,salesperson,96613.99999999898,0.8593392261991001,0.1406607738008999
533,1900,scientist,9093.580000000016,0.0239223716072217,0.9760776283927779
534,1900,secretary,118725.00999999823,0.7285132256463862,0.2714867743536138
535,1900,setter,8151.000000000003,0.0121408416145258,0.9878591583854742
536,1900,sheriff,7455.210000000001,0.0130485928632459,0.9869514071367539
537,1900,shoemaker,11880.040000000008,0.2647651018010039,0.7352348981989961
538,1900,smith,55693.280000000144,0.0092404325979723,0.9907595674020278
539,1900,soldier,23122.630000000016,0.0221765430662515,0.9778234569337484
540,1900,statistician,275.05,0.07176876931467,0.92823123068533
541,1900,stereotyper,2783.2999999999965,0.014263643875974499,0.9857363561240254
542,1900,student,6971041.480002846,0.5170659076324989,0.4829340923675011
543,1900,surgeon,130245.16000000115,0.0486126317476976,0.9513873682523024
544,1900,surveyor,6004.360000000001,0.0034308402560805,0.9965691597439194
545,1900,tailor,188555.80000000767,0.277105397977671,0.722894602022329
546,1900,teacher,441189.89000000106,0.738083118813083,0.2619168811869169
547,1900,teamster,1718.21,0.023035601003369696,0.9769643989966302
548,1900,technician,1254.1700000000003,0.0153009560107481,0.9846990439892518
549,1900,therapist,3227.7900000000004,0.4153956732005488,0.5846043267994512
550,1900,toolmaker,8151.000000000003,0.0121408416145258,0.9878591583854742
551,1900,tradesperson,1456105.370000002,0.1661976770266281,0.8338023229733719
552,1900,typesetter,114349.24999999984,0.1096122624328537,0.8903877375671462
553,1900,unemployed,33092.56000000003,0.3094668408850806,0.6905331591149195
554,1900,upholsterer,21749.42999999997,0.0609146998335129,0.9390853001664872
555,1900,veterinarian,7281.579999999999,0.0078829045344554,0.9921170954655446
556,1900,waitstaff,109701.6799999996,0.4143880020798219,0.5856119979201779
557,1900,weaver,181611.03000000035,0.5145370851098646,0.48546291489013543
558,1900,welder,786.8199999999999,0.0,1.0
559,1910,accountant,36011.0,0.089250506789592,0.9107494932104079
560,1910,administrator,51058.0,0.0255787535743664,0.9744212464256335
561,1910,architect,51358.0,0.0195879901865337,0.9804120098134662
562,1910,artist,37725.0,0.4308283631544068,0.5691716368455931
563,1910,athlete,20847.0,0.0433155849762555,0.9566844150237445
564,1910,attendant,44333.0,0.506710576771254,0.4932894232287461
565,1910,auctioneer,3710.0,0.0,1.0
566,1910,author,4411.0,0.4998866470188166,0.5001133529811834
567,1910,bailiff,10528.0,0.009498480243161,0.9905015197568388
568,1910,baker,95476.0,0.045226025388579304,0.9547739746114208
569,1910,bankteller,9028.0,0.0222640673460345,0.9777359326539654
570,1910,bartender,103505.0,0.0038645476063957998,0.996135452393604
571,1910,blacksmith,241211.0,0.0008374410785577,0.9991625589214422
572,1910,boilermaker,41316.0,0.0,1.0
573,1910,bookbinder,27787.0,0.4621225753049987,0.5378774246950012
574,1910,bootblack,11033.0,0.0181274358741955,0.9818725641258044
575,1910,broker,217510.0,0.0225966622224265,0.9774033377775736
576,1910,cabinetmaker,46131.0,0.0043571567926123,0.9956428432073876
577,1910,carpenter,835259.0,0.0020400857698031,0.9979599142301968
578,1910,cashier,59776.0,0.5839634635974305,0.4160365364025696
579,1910,chemist,15146.0,0.019939257889871904,0.980060742110128
580,1910,chiropractor,300.0,0.3333333333333333,0.6666666666666666
581,1910,clergy,144626.0,0.1595840305339289,0.8404159694660711
582,1910,clerical,682252.0,0.1896264137005094,0.8103735862994905
583,1910,clerk,82838.0,0.0363601245805065,0.9636398754194937
584,1910,compositor,137046.0,0.1178655342001955,0.8821344657998045
585,1910,conductor,119133.0,0.000839397983766,0.9991606020162341
586,1910,conservationist,6318.0,0.0158277936055713,0.9841722063944286
587,1910,constable,7828.0,0.0,1.0
588,1910,cook,190924.0,0.4757442752089836,0.5242557247910163
589,1910,craftsperson,80427.0,0.0087408457358847,0.9912591542641151
590,1910,dancer,1204.0,0.6661129568106312,0.3338870431893688
591,1910,dentist,40137.0,0.0249395819318833,0.9750604180681168
592,1910,designer,11539.0,0.3218649796342837,0.6781350203657163
593,1910,dietitian,400.0,0.75,0.25
594,1910,doctor,140010.0,0.0501321334190415,0.9498678665809585
595,1910,doorkeeper,94578.0,0.0042398866544016,0.9957601133455984
596,1910,draftsperson,36216.0,0.0138612767837419,0.9861387232162581
597,1910,driver,254404.0,0.0051217748148614,0.9948782251851386
598,1910,electrician,117751.0,0.0016984993758014,0.9983015006241984
599,1910,eletrotyper,4811.0,0.0625649553107462,0.9374350446892538
600,1910,engineer,383323.0,0.0018365712467031,0.9981634287532968
601,1910,entertainer,34993.0,0.435629983139485,0.5643700168605149
602,1910,farmer,6429640.0,0.0496027771383778,0.950397222861622
603,1910,fireperson,129894.0,0.0,1.0
604,1910,gardener,50950.0,0.0137782139352306,0.9862217860647694
605,1910,geologist,301.0,0.0,1.0
606,1910,guard,94578.0,0.0042398866544016,0.9957601133455984
607,1910,housekeeper,2413105.0,0.940016700475114,0.0599832995248859
608,1910,huckster,67394.0,0.0491735169302905,0.9508264830697096
609,1910,inspector,72734.0,0.0331069376082712,0.9668930623917288
610,1910,instructor,22672.0,0.22097741707833446,0.7790225829216655
611,1910,janitor,129996.0,0.2554617065140466,0.7445382934859535
612,1910,jeweler,33607.0,0.0567441306870592,0.9432558693129408
613,1910,judge,119174.0,0.0042123281923909,0.9957876718076092
614,1910,laborer,10904387.0,0.159363016004476,0.840636983995524
615,1910,lawyer,119174.0,0.0042123281923909,0.9957876718076092
616,1910,librarian,411673.0,0.3931688500338861,0.6068311499661139
617,1910,lumberjack,50961.0,0.003924569769039,0.9960754302309608
618,1910,machinist,469257.0,0.007051573018623,0.992948426981377
619,1910,mailperson,360753.0,0.05783181290245679,0.9421681870975432
620,1910,manager,1955899.0,0.0630093885215954,0.9369906114784046
621,1910,mason,168819.0,0.0023812485561459,0.997618751443854
622,1910,mathematician,101.0,0.0,1.0
623,1910,mechanic,2530022.0,0.3413634347843615,0.6586365652156384
624,1910,midwife,6016.0,0.983377659574468,0.0166223404255319
625,1910,milliner,120061.0,0.9732386037097808,0.0267613962902191
626,1910,millwright,16452.0,0.0,1.0
627,1910,molder,121867.0,0.0041028334167576,0.9958971665832425
628,1910,musician,146911.0,0.6266515100979505,0.3733484899020495
629,1910,newsperson,68099.0,0.0839953596969118,0.916004640303088
630,1910,nurse,199039.0,0.958184074477866,0.0418159255221338
631,1910,nutritionist,400.0,0.75,0.25
632,1910,official,1954799.0,0.0594025268071039,0.940597473192896
633,1910,operator,359213.0,0.2735953320174938,0.7264046679825062
634,1910,optometrist,1105.0,0.090497737556561,0.9095022624434388
635,1910,osteopath,2209.0,0.2272521502942508,0.7727478497057492
636,1910,painter,61268.0,0.0719951687667297,0.9280048312332704
637,1910,paperhanger,23072.0,0.043385922330097,0.9566140776699028
638,1910,peddler,67394.0,0.0491735169302905,0.9508264830697096
639,1910,pharmacist,60766.0,0.0280749103116874,0.9719250896883126
640,1910,photographer,26860.0,0.1080789277736411,0.8919210722263589
641,1910,physician,140010.0,0.0501321334190415,0.9498678665809585
642,1910,physicist,100.0,0.0,1.0
643,1910,pilot,100.0,0.0,1.0
644,1910,plasterer,50040.0,0.0020183852917665,0.9979816147082334
645,1910,plumber,157039.0,0.0019103534790720002,0.9980896465209281
646,1910,police,84977.0,0.004718923944126,0.9952810760558739
647,1910,porter,118420.0,0.0093058604965377,0.9906941395034624
648,1910,postmaster,25076.0,0.3480618918487797,0.6519381081512203
649,1910,professor,24277.0,0.2146064175969024,0.7853935824030975
650,1910,proprietor,1910672.0,0.0599338871349975,0.9400661128650025
651,1910,psychologist,100.0,1.0,0.0
652,1910,retired,102514.0,0.08612482197553499,0.9138751780244648
653,1910,sailor,66594.0,0.0015166531519356,0.9984833468480644
654,1910,sales,1402855.0,0.2559409204800211,0.7440590795199788
655,1910,salesperson,157970.0,0.7923529784136228,0.2076470215863771
656,1910,scientist,17255.0,0.0291509707331208,0.9708490292668792
657,1910,secretary,347652.0,0.7859497428462946,0.21405025715370538
658,1910,setter,20563.0,0.0,1.0
659,1910,sheriff,10528.0,0.009498480243161,0.9905015197568388
660,1910,shoemaker,61578.0,0.0700412484978401,0.92995875150216
661,1910,smith,56868.0,0.0052929591334318,0.9947070408665682
662,1910,soldier,109889.0,0.0009100091910928,0.9990899908089071
663,1910,statistician,1004.0,0.0,1.0
664,1910,stereotyper,4811.0,0.0625649553107462,0.9374350446892538
665,1910,student,230316.0,0.4729198145157088,0.5270801854842911
666,1910,surgeon,140010.0,0.0501321334190415,0.9498678665809585
667,1910,surveyor,10120.0,0.0,1.0
668,1910,tailor,228343.0,0.1989244250973316,0.8010755749026683
669,1910,teacher,570201.0,0.7957860473762761,0.2042139526237239
670,1910,teamster,425884.0,0.0049426604427496,0.9950573395572503
671,1910,technician,4615.0,0.1302275189599133,0.8697724810400866
672,1910,therapist,5321.0,0.4143957902649878,0.5856042097350123
673,1910,toolmaker,20563.0,0.0,1.0
674,1910,tradesperson,1891470.0,0.1539834097289409,0.846016590271059
675,1910,typesetter,137046.0,0.1178655342001955,0.8821344657998045
676,1910,unemployed,12136.0,0.2727422544495715,0.7272577455504284
677,1910,upholsterer,21367.0,0.032901202789348,0.967098797210652
678,1910,veterinarian,13335.0,0.0,1.0
679,1910,waitstaff,165890.0,0.4081258665380674,0.5918741334619326
680,1910,weaver,192956.0,0.4969474906196231,0.5030525093803768
681,1910,welder,3105.0,0.0647342995169082,0.9352657004830918
682,1920,accountant,124757.91999999995,0.1184353666685049,0.881564633331495
683,1920,administrator,74515.56999999999,0.0639485143843092,0.936051485615691
684,1920,architect,69119.02000000002,0.0237973570805836,0.9762026429194163
685,1920,artist,34218.400000000016,0.4042693404717929,0.595730659528207
686,1920,athlete,15018.420000000002,0.1092072268587508,0.8907927731412492
687,1920,attendant,62909.3,0.5104340693665326,0.4895659306334675
688,1920,auctioneer,5562.460000000002,0.0,1.0
689,1920,author,6682.589999999998,0.4407512656021093,0.5592487343978907
690,1920,bailiff,10159.769999999997,0.029278221849510302,0.9707217781504895
691,1920,baker,103791.60999999996,0.0453604101526125,0.9546395898473876
692,1920,bankteller,21149.12,0.10567390037977939,0.8943260996202206
693,1920,bartender,24986.969999999987,0.0,1.0
694,1920,blacksmith,201502.98999999985,0.0034885834696547,0.9965114165303454
695,1920,boilermaker,71855.57,0.0028085505410366,0.9971914494589631
696,1920,bookbinder,23322.61000000001,0.4991654021569627,0.5008345978430372
697,1920,bootblack,15419.400000000003,0.0127482262604251,0.9872517737395748
698,1920,broker,250066.6700000004,0.0404752460613802,0.9595247539386196
699,1920,cabinetmaker,53201.57999999993,0.011423908838797599,0.9885760911612024
700,1920,carpenter,847407.8099999962,0.0037031874889140006,0.996296812511086
701,1920,cashier,84521.78999999998,0.6790661910969941,0.320933808903006
702,1920,chemist,33138.73,0.0429744893663698,0.9570255106336302
703,1920,chiropractor,5620.23,0.3277250219297075,0.6722749780702925
704,1920,clergy,162608.4499999999,0.1647327675775768,0.8352672324224232
705,1920,clerical,1280798.7700000005,0.3287712011153788,0.6712287988846212
706,1920,clerk,127338.58000000002,0.0387317025209484,0.9612682974790516
707,1920,compositor,149097.15000000072,0.074787881592639,0.925212118407361
708,1920,conductor,143012.32999999993,0.0027991292778741,0.9972008707221258
709,1920,conservationist,7512.98,0.0,1.0
710,1920,constable,5739.099999999999,0.0351867017476607,0.9648132982523391
711,1920,cook,199671.09999999995,0.4295048707599649,0.5704951292400351
712,1920,craftsperson,75512.36,0.0067367779261567,0.9932632220738432
713,1920,dancer,4180.040000000001,0.6822231366207021,0.3177768633792978
714,1920,dentist,57529.44000000001,0.0178981404998901,0.98210185950011
715,1920,designer,17112.15,0.3209935630531523,0.6790064369468476
716,1920,dietitian,1638.03,0.9354285330549502,0.0645714669450498
717,1920,doctor,135427.54000000015,0.0435881062300917,0.9564118937699084
718,1920,doorkeeper,130369.54000000008,0.009420528752345,0.990579471247655
719,1920,draftsperson,53407.62,0.0288603012079549,0.971139698792045
720,1920,driver,545319.2299999992,0.006584015018139,0.993415984981861
721,1920,economist,100.6,1.0,0.0
722,1920,electrician,208692.13000000003,0.0081458749786108,0.9918541250213893
723,1920,eletrotyper,4175.419999999999,0.0236431305114216,0.9763568694885784
724,1920,engineer,468233.1599999999,0.0015112556317028003,0.9984887443682972
725,1920,entertainer,27478.98000000002,0.4185024334964399,0.58149756650356
726,1920,farmer,6721765.709999983,0.0447491616008736,0.9552508383991264
727,1920,fireperson,194597.56999999995,0.0027593355867701003,0.99724066441323
728,1920,gardener,46616.840000000026,0.0219191176407495,0.9780808823592504
729,1920,geologist,2123.43,0.0467922182506604,0.9532077817493396
730,1920,guard,130369.54000000008,0.009420528752345,0.990579471247655
731,1920,housekeeper,2043550.420000003,0.9441414614081312,0.0558585385918688
732,1920,huckster,47566.28999999999,0.0335657878720413,0.9664342121279587
733,1920,inspector,109982.61000000002,0.0361253474526563,0.9638746525473436
734,1920,instructor,29673.65,0.2927250270863207,0.7072749729136791
735,1920,janitor,193861.98,0.2117405898773963,0.7882594101226037
736,1920,jeweler,36630.00999999999,0.0711042666928019,0.928895733307198
737,1920,judge,123292.16000000016,0.0088878319594692,0.9911121680405308
738,1920,laborer,9248929.130000046,0.1106544817908013,0.8893455182091986
739,1920,lawyer,123292.16000000016,0.0088878319594692,0.9911121680405308
740,1920,librarian,548409.0299999999,0.5492442201398471,0.450755779860153
741,1920,lumberjack,40120.24,0.0073018007868347,0.9926981992131652
742,1920,machinist,825212.8999999989,0.0078791909336366,0.9921208090663634
743,1920,mailperson,369152.92999999993,0.0719646732859468,0.9280353267140532
744,1920,manager,2408908.6899999976,0.0682867726298086,0.9317132273701914
745,1920,mason,125630.3299999997,0.0048215267762171,0.9951784732237828
746,1920,mechanic,3528782.1699999957,0.3182373084819798,0.6817626915180202
747,1920,midwife,4815.18,0.9786259288333977,0.0213740711666022
748,1920,milliner,66717.79000000002,0.9712746780131656,0.0287253219868343
749,1920,millwright,37806.31999999999,0.0079476129916902,0.9920523870083094
750,1920,molder,133872.22999999986,0.0030291569805029,0.9969708430194973
751,1920,musician,122727.34,0.5859311380821909,0.4140688619178091
752,1920,newsperson,66137.63999999998,0.0961647558032007,0.9038352441967994
753,1920,nurse,263307.9499999998,0.967345611858662,0.0326543881413379
754,1920,nutritionist,1638.03,0.9354285330549502,0.0645714669450498
755,1920,official,2375110.889999998,0.0653859197285732,0.9346140802714268
756,1920,operator,539402.0300000007,0.4009629144332294,0.5990370855667706
757,1920,optometrist,3531.26,0.0,1.0
758,1920,osteopath,3776.62,0.2387319878621624,0.7612680121378376
759,1920,painter,66436.70000000003,0.0684919630264597,0.9315080369735405
760,1920,paperhanger,19156.870000000003,0.0342931804621527,0.9657068195378472
761,1920,peddler,47566.28999999999,0.0335657878720413,0.9664342121279587
762,1920,pharmacist,72940.63999999994,0.0368760131526128,0.9631239868473872
763,1920,photographer,27897.900000000016,0.1750031364367926,0.8249968635632073
764,1920,physician,135427.54000000015,0.0435881062300917,0.9564118937699084
765,1920,physicist,203.34,0.0,1.0
766,1920,pilot,818.19,0.0,1.0
767,1920,plasterer,38017.95999999997,0.0027871037793716,0.9972128962206284
768,1920,plumber,216152.55000000037,0.0028316112856406,0.9971683887143594
769,1920,police,109591.01999999976,0.0148927348244409,0.985107265175559
770,1920,porter,113492.69999999998,0.0125508512882326,0.9874491487117676
771,1920,postmaster,30357.5,0.4402137857201679,0.5597862142798321
772,1920,professor,30642.04,0.29620580091926,0.70379419908074
773,1920,proprietor,2310526.8999999976,0.0646182608823987,0.9353817391176013
774,1920,psychologist,100.6,1.0,0.0
775,1920,retired,154056.6200000003,0.0701329809780325,0.9298670190219674
776,1920,sailor,52810.03000000001,0.007446123397392501,0.9925538766026074
777,1920,sales,1694446.4899999998,0.2972233251225301,0.7027766748774699
778,1920,salesperson,146220.01,0.5266316149205571,0.4733683850794429
779,1920,scientist,38475.93,0.06075902518795509,0.9392409748120448
780,1920,secretary,669118.7300000002,0.908626634917244,0.0913733650827558
781,1920,setter,62842.93000000002,0.0065517314358194,0.9934482685641806
782,1920,sheriff,10159.769999999997,0.029278221849510302,0.9707217781504895
783,1920,shoemaker,69264.03999999998,0.0476156169925982,0.9523843830074018
784,1920,smith,69669.47000000002,0.0013476491209133,0.9986523508790869
785,1920,soldier,246788.62000000212,0.0020742042319455,0.9979257957680544
786,1920,statistician,2653.67,0.23113273315822994,0.7688672668417701
787,1920,stereotyper,4175.419999999999,0.0236431305114216,0.9763568694885784
788,1920,student,484566.9500000017,0.4850224927639002,0.5149775072360998
789,1920,surgeon,135427.54000000015,0.0435881062300917,0.9564118937699084
790,1920,surveyor,9274.9,0.0,1.0
791,1920,tailor,214172.7600000008,0.176967323015307,0.8230326769846931
792,1920,teacher,741073.0799999902,0.8373972240362563,0.1626027759637437
793,1920,teamster,288690.9200000003,0.0048282779382184,0.9951717220617817
794,1920,technician,13193.19,0.2653088449419738,0.7346911550580262
795,1920,therapist,6369.540000000001,0.4918251553487379,0.5081748446512621
796,1920,toolmaker,62842.93000000002,0.0065517314358194,0.9934482685641806
797,1920,tradesperson,2304503.69,0.1055746367670167,0.8944253632329833
798,1920,typesetter,149097.15000000072,0.074787881592639,0.925212118407361
799,1920,unemployed,13568.649999999998,0.2303184178234386,0.7696815821765614
800,1920,upholsterer,21355.390000000007,0.0376855679058073,0.9623144320941924
801,1920,veterinarian,15216.6,0.0135036736195996,0.9864963263804004
802,1920,waitstaff,215685.26999999984,0.48420682599233594,0.515793174007664
803,1920,weaver,191621.5099999997,0.45924124071457323,0.5407587592854268
804,1920,welder,26312.13000000001,0.0195951449008499,0.98040485509915
805,1930,accountant,203376.6499999996,0.0973322158664726,0.9026677841335272
806,1930,administrator,101644.03999999996,0.1113920698154068,0.8886079301845932
807,1930,architect,100210.01999999986,0.022940819690485996,0.977059180309514
808,1930,artist,54002.92999999989,0.3723357232653867,0.6276642767346133
809,1930,athlete,25699.910000000003,0.1037921922683775,0.8962078077316223
810,1930,attendant,189272.1800000001,0.2848036621124134,0.7151963378875866
811,1930,auctioneer,4395.820000000001,0.0274078556446806,0.9725921443553197
812,1930,author,11601.660000000016,0.4586714315020437,0.5413285684979563
813,1930,bailiff,16001.39,0.0228948860067781,0.977105113993222
814,1930,baker,143549.34000000116,0.0657927789845631,0.9342072210154369
815,1930,bankteller,37063.06999999987,0.1499935110610107,0.8500064889389893
816,1930,bartender,3045.48,0.0398722040532198,0.9601277959467802
817,1930,blacksmith,127277.60000000018,0.0028235133283468,0.9971764866716532
818,1930,boilermaker,48875.30999999999,0.0037163958653152,0.9962836041346848
819,1930,bookbinder,23735.91000000008,0.4962721041662187,0.5037278958337814
820,1930,bootblack,16929.060000000012,0.0143026251900577,0.9856973748099419
821,1930,broker,441802.7500000026,0.0601592679085855,0.9398407320914144
822,1930,cabinetmaker,58362.980000000025,0.0055901874784323,0.9944098125215676
823,1930,carpenter,897021.4900000001,0.0041567120092072,0.9958432879907928
824,1930,cashier,109582.40999999996,0.6918213424946577,0.3081786575053423
825,1930,chemist,47286.25000000001,0.0533432023051098,0.9466567976948902
826,1930,chiropractor,11292.059999999994,0.2154735274166095,0.7845264725833904
827,1930,clergy,181951.52000000063,0.1434446384399531,0.8565553615600469
828,1930,clerical,1567325.9600000067,0.3268310313701409,0.6731689686298591
829,1930,clerk,161123.34999999998,0.0352213381859302,0.9647786618140696
830,1930,compositor,186418.1000000024,0.0579417985699878,0.9420582014300122
831,1930,conductor,111307.85000000024,0.0027492220899065,0.9972507779100936
832,1930,conservationist,10672.979999999992,0.0190134339237963,0.9809865660762036
833,1930,constable,9319.849999999984,0.0043605852025515,0.9956394147974486
834,1930,cook,292719.6200000012,0.3931240755231905,0.6068759244768096
835,1930,craftsperson,44201.63,0.0159833472204531,0.9840166527795468
836,1930,dancer,8834.710000000003,0.8507692952004086,0.1492307047995915
837,1930,dentist,71108.87000000058,0.0269184421015266,0.9730815578984734
838,1930,designer,24714.830000000027,0.3609318777430393,0.6390681222569607
839,1930,dietitian,5942.459999999999,0.9624835505834283,0.0375164494165715
840,1930,doctor,152203.69000000227,0.0472842018481936,0.9527157981518064
841,1930,doorkeeper,163478.84000000003,0.0123791556142678,0.987620844385732
842,1930,draftsperson,77062.62999999996,0.0235682327478312,0.9764317672521688
843,1930,driver,1075421.830000002,0.0064354375250128,0.9935645624749871
844,1930,economist,735.98,0.19496453707981187,0.805035462920188
845,1930,electrician,267417.9799999997,0.006190421451841,0.993809578548159
846,1930,eletrotyper,7745.729999999998,0.0183727034120734,0.9816272965879264
847,1930,engineer,569546.4499999996,0.0062894957909052,0.9937105042090948
848,1930,entertainer,41019.75999999986,0.3903330979995988,0.6096669020004011
849,1930,farmer,6079295.210001148,0.043652574983268404,0.9563474250167315
850,1930,fireperson,186916.74000000028,0.00530519631361,0.99469480368639
851,1930,gardener,120281.99999999996,0.0160536073560466,0.9839463926439532
852,1930,geologist,3885.960000000002,0.03090098714346,0.96909901285654
853,1930,guard,163478.84000000003,0.0123791556142678,0.987620844385732
854,1930,housekeeper,2458151.7999999523,0.9458211287032792,0.054178871296720596
855,1930,huckster,54999.21999999982,0.0344633978445513,0.9655366021554488
856,1930,inspector,116564.57000000002,0.0530422751956276,0.9469577248043723
857,1930,instructor,54561.00999999992,0.3345925964347063,0.6654074035652937
858,1930,janitor,349316.12999999966,0.1771607569338412,0.8228392430661587
859,1930,jeweler,38246.98000000002,0.0496577769016011,0.9503422230983989
860,1930,judge,163872.00000000352,0.0233596343487595,0.9766403656512406
861,1930,laborer,10210818.039999995,0.0858572375460735,0.9141427624539266
862,1930,lawyer,163872.00000000352,0.0233596343487595,0.9766403656512406
863,1930,librarian,654701.9199999988,0.6379443946032723,0.3620556053967275
864,1930,lumberjack,38067.000000000015,0.015452754354165002,0.9845472456458352
865,1930,machinist,646361.760000002,0.0093957136325638,0.990604286367436
866,1930,mailperson,453103.0800000003,0.0596561162197351,0.9403438837802648
867,1930,manager,3171824.6699999943,0.082286067848763,0.917713932151237
868,1930,mason,173901.2100000057,0.0030077996582081,0.996992200341792
869,1930,mathematician,244.22,0.4135615428711817,0.5864384571288184
870,1930,mechanic,4120907.06000001,0.3023953614717025,0.6976046385282975
871,1930,midwife,2976.0600000000004,0.9455790541857356,0.0544209458142644
872,1930,milliner,40423.69999999981,0.8983766948596982,0.1016233051403018
873,1930,millwright,46878.62000000004,0.0168044622473954,0.9831955377526046
874,1930,molder,111045.4199999999,0.0118225497278501,0.9881774502721499
875,1930,musician,163829.48000000027,0.4661022546125417,0.5338977453874583
876,1930,newsperson,96351.65999999989,0.1400967040941486,0.8599032959058514
877,1930,nurse,434102.8300000027,0.9734267109016546,0.0265732890983455
878,1930,nutritionist,5942.459999999999,0.9624835505834283,0.0375164494165715
879,1930,official,3193972.909999994,0.0814100079515077,0.9185899920484922
880,1930,operator,622045.1300000023,0.46704820275660763,0.5329517972433923
881,1930,optometrist,7007.970000000002,0.040254167754713494,0.9597458322452864
882,1930,osteopath,6501.189999999999,0.2691953319315386,0.7308046680684613
883,1930,painter,97611.18999999973,0.0564240636754865,0.9435759363245136
884,1930,paperhanger,28081.68,0.0616654701570561,0.9383345298429436
885,1930,peddler,54999.21999999982,0.0344633978445513,0.9655366021554488
886,1930,pharmacist,91429.56999999992,0.0388975907903756,0.9611024092096244
887,1930,photographer,33494.779999999955,0.1588393773596961,0.8411606226403038
888,1930,physician,152203.69000000227,0.0472842018481936,0.9527157981518064
889,1930,physicist,465.83,0.1303050469055234,0.8696949530944765
890,1930,pilot,5459.949999999999,0.0185258106759219,0.9814741893240782
891,1930,plasterer,74944.41000000054,0.0075741472913055,0.9924258527086944
892,1930,plumber,247787.8300000048,0.0040652117579785,0.9959347882420216
893,1930,police,174000.4200000011,0.0121174420153697,0.9878825579846302
894,1930,porter,171895.44000000012,0.0232863652462217,0.976713634753778
895,1930,postmaster,35932.79999999992,0.3948275670139818,0.6051724329860183
896,1930,professor,56587.059999999925,0.3357716410783663,0.6642283589216338
897,1930,proprietor,3105249.619999994,0.079687142832659,0.9203128571673408
898,1930,psychologist,406.49,0.8006593028118774,0.1993406971881227
899,1930,retired,244484.02999999785,0.1008370158165346,0.8991629841834654
900,1930,sailor,45660.449999999895,0.0101591202013997,0.9898408797986002
901,1930,sales,2631944.1400000034,0.2681601327602624,0.7318398672397376
902,1930,salesperson,172151.60999999967,0.3454601441136677,0.6545398558863323
903,1930,scientist,57309.44,0.0778885642574766,0.9221114357425234
904,1930,secretary,998999.3800000008,0.9191915814802608,0.0808084185197391
905,1930,setter,92089.42999999951,0.0070179606932088,0.9929820393067912
906,1930,sheriff,16001.39,0.0228948860067781,0.977105113993222
907,1930,shoemaker,70170.93000000024,0.0257920195727774,0.9742079804272225
908,1930,smith,82272.97999999994,0.0107655028418807,0.9892344971581192
909,1930,soldier,166979.6100000041,0.0028180087377134,0.9971819912622866
910,1930,statistician,8713.089999999997,0.2745776756581191,0.725422324341881
911,1930,stereotyper,7745.729999999998,0.0183727034120734,0.9816272965879264
912,1930,student,250652.96999999924,0.4643080431083644,0.5356919568916356
913,1930,surgeon,152203.69000000227,0.0472842018481936,0.9527157981518064
914,1930,surveyor,12617.38000000001,0.0032027251299398,0.9967972748700602
915,1930,tailor,181448.50999999983,0.1392979749461708,0.8607020250538292
916,1930,teacher,1068350.0899999572,0.8116073542896325,0.1883926457103675
917,1930,teamster,106159.00999999998,0.013831421374408,0.986168578625592
918,1930,technician,28316.98000000001,0.3377930838669942,0.6622069161330059
919,1930,therapist,12766.84,0.4442195562880087,0.5557804437119913
920,1930,toolmaker,92089.42999999951,0.0070179606932088,0.9929820393067912
921,1930,tradesperson,2628849.4500000007,0.074606889337082,0.9253931106629181
922,1930,typesetter,186418.1000000024,0.0579417985699878,0.9420582014300122
923,1930,unemployed,18355.539999999997,0.1689887630655378,0.8310112369344622
924,1930,upholsterer,42558.40999999994,0.05211308411193,0.9478869158880701
925,1930,veterinarian,12169.880000000005,0.0017222848540823,0.9982777151459176
926,1930,waitstaff,369543.20000000566,0.5964054540849397,0.4035945459150601
927,1930,weaver,163550.71000000177,0.395124362346082,0.6048756376539179
928,1930,welder,56552.88000000001,0.0153742833256237,0.9846257166743764
929,1940,administrator,200004.0,0.0870082598348033,0.9129917401651968
930,1940,architect,112759.0,0.020397484901426902,0.9796025150985732
931,1940,artist,62263.0,0.3131715465043445,0.6868284534956556
932,1940,athlete,37142.0,0.1541920198158419,0.8458079801841581
933,1940,attendant,558027.0,0.2879179681269903,0.7120820318730098
934,1940,auctioneer,8239.0,0.3296516567544605,0.6703483432455395
935,1940,author,15411.0,0.2598144182726624,0.7401855817273376
936,1940,bailiff,14942.0,0.0267701780216838,0.9732298219783162
937,1940,baker,150317.0,0.0810088013997086,0.9189911986002914
938,1940,bartender,134692.0,0.0492679594927686,0.9507320405072311
939,1940,blacksmith,89625.0,0.003347280334728,0.9966527196652719
940,1940,boilermaker,34281.0,0.0087512032904524,0.9912487967095476
941,1940,bootblack,16367.0,0.0909146453229058,0.9090853546770942
942,1940,broker,365734.0,0.0696927275014081,0.930307272498592
943,1940,cabinetmaker,78125.0,0.0591488,0.9408512
944,1940,carpenter,735532.0,0.0025600517720507,0.9974399482279493
945,1940,chemist,57748.0,0.0326764563274918,0.9673235436725082
946,1940,chiropractor,10800.0,0.1666666666666666,0.8333333333333334
947,1940,clergy,168697.0,0.1630675115740054,0.8369324884259945
948,1940,clerical,2054156.0,0.3593485597004317,0.6406514402995683
949,1940,clerk,245283.0,0.0704043900311069,0.9295956099688932
950,1940,compositor,181787.0,0.0689323218932046,0.9310676781067954
951,1940,conductor,64742.0,0.0108121466744926,0.9891878533255074
952,1940,constable,10621.0,0.0,1.0
953,1940,cook,345655.0,0.4118875757619591,0.5881124242380408
954,1940,dancer,15113.0,0.779726063653808,0.220273936346192
955,1940,dentist,70211.0,0.0199398954579766,0.9800601045420231
956,1940,designer,24435.0,0.3621853898096992,0.6378146101903008
957,1940,doctor,173446.0,0.0458413569641271,0.9541586430358728
958,1940,doorkeeper,237728.0,0.01472270830529,0.98527729169471
959,1940,draftsperson,92730.0,0.0215679930982422,0.9784320069017578
960,1940,driver,1326925.0,0.006978540610810699,0.9930214593891891
961,1940,electrician,217376.0,0.0086348078904754,0.9913651921095246
962,1940,eletrotyper,9814.0,0.0611371510087629,0.938862848991237
963,1940,engineer,534651.0,0.0097727302483302,0.9902272697516695
964,1940,entertainer,28540.0,0.3346180798878767,0.6653819201121234
965,1940,farmer,5232725.0,0.0307960001719945,0.9692039998280056
966,1940,fireperson,198693.0,0.0073731837558444,0.9926268162441556
967,1940,gardener,186838.0,0.013332405613419099,0.9866675943865807
968,1940,guard,237728.0,0.01472270830529,0.98527729169471
969,1940,housekeeper,2487046.0,0.9213629341797458,0.0786370658202542
970,1940,huckster,58064.0,0.0639811242766602,0.9360188757233396
971,1940,inspector,126498.0,0.0603962117978149,0.939603788202185
972,1940,instructor,73648.0,0.2754725179230936,0.7245274820769063
973,1940,janitor,461422.0,0.1825378937285175,0.8174621062714825
974,1940,jeweler,49124.0,0.1010911163586027,0.8989088836413973
975,1940,judge,171634.0,0.0273139354673316,0.9726860645326684
976,1940,laborer,9110688.0,0.057897164297581,0.9421028357024187
977,1940,lawyer,171634.0,0.0273139354673316,0.9726860645326684
978,1940,librarian,991890.0,0.5348778594400588,0.4651221405599411
979,1940,lumberjack,46631.0,0.0064334884518882,0.9935665115481118
980,1940,machinist,502549.0,0.0090618029286696,0.9909381970713304
981,1940,mailperson,633289.0,0.0409133902531071,0.9590866097468929
982,1940,manager,3281060.0,0.1052809153139534,0.8947190846860466
983,1940,mason,147561.0,0.0094672711624345,0.9905327288375657
984,1940,mechanic,5923558.0,0.3449967063714071,0.6550032936285928
985,1940,milliner,11988.0,0.8665331998665332,0.1334668001334668
986,1940,millwright,43280.0,0.0,1.0
987,1940,molder,78478.0,0.0098116669639899,0.99018833303601
988,1940,musician,146880.0,0.4301606753812636,0.5698393246187364
989,1940,newsperson,118554.0,0.1384769809538269,0.861523019046173
990,1940,nurse,451886.0,0.9561947039740112,0.0438052960259888
991,1940,official,3422590.0,0.1062385503376098,0.8937614496623901
992,1940,operator,606139.0,0.458993729161133,0.541006270838867
993,1940,optometrist,12934.0,0.1357661976186794,0.8642338023813205
994,1940,osteopath,6800.0,0.17647058823529413,0.8235294117647058
995,1940,painter,92898.0,0.0741673663588021,0.9258326336411978
996,1940,paperhanger,34932.0,0.1076663231421046,0.8923336768578953
997,1940,peddler,58064.0,0.0639811242766602,0.9360188757233396
998,1940,pharmacist,84403.0,0.0682203239221354,0.9317796760778644
999,1940,photographer,37344.0,0.0877517137960582,0.9122482862039415
1000,1940,physician,173446.0,0.0458413569641271,0.9541586430358728
1001,1940,pilot,7178.0,0.0417943716912789,0.9582056283087212
1002,1940,plasterer,59828.0,0.015043123621047,0.984956876378953
1003,1940,plumber,204381.0,0.006722738415019,0.993277261584981
1004,1940,police,176798.0,0.0130091969366169,0.986990803063383
1005,1940,porter,175668.0,0.0209201448186351,0.9790798551813646
1006,1940,postmaster,37872.0,0.43425221799746516,0.5657477820025348
1007,1940,professor,73648.0,0.2754725179230936,0.7245274820769063
1008,1940,proprietor,3245955.0,0.10611145256172679,0.8938885474382732
1009,1940,sailor,44987.0,0.0111143219152199,0.98888567808478
1010,1940,sales,2676913.0,0.3146333108322908,0.6853666891677093
1011,1940,salesperson,156388.0,0.2910005882804307,0.7089994117195693
1012,1940,scientist,57748.0,0.0326764563274918,0.9673235436725082
1013,1940,secretary,1173401.0,0.9284362293879077,0.0715637706120925
1014,1940,setter,95413.0,0.001048075209877,0.998951924790123
1015,1940,sheriff,14942.0,0.0267701780216838,0.9732298219783162
1016,1940,shoemaker,68580.0,0.010994459025955,0.9890055409740449
1017,1940,smith,88719.0,0.0059513745646366,0.9940486254353632
1018,1940,soldier,233636.0,0.0017120649215018,0.9982879350784982
1019,1940,stereotyper,9814.0,0.0611371510087629,0.938862848991237
1020,1940,surgeon,173446.0,0.0458413569641271,0.9541586430358728
1021,1940,surveyor,19258.0,0.05649600166164711,0.9435039983383527
1022,1940,tailor,118168.0,0.1386669826010425,0.8613330173989574
1023,1940,teacher,1070161.0,0.7474501500241553,0.2525498499758447
1024,1940,teamster,30061.0,0.0133062772362862,0.9866937227637138
1025,1940,technician,72728.0,0.3038169618303817,0.6961830381696184
1026,1940,therapist,20928.0,0.4294246941896024,0.5705753058103975
1027,1940,toolmaker,95413.0,0.001048075209877,0.998951924790123
1028,1940,tradesperson,2236544.0,0.0252966183540319,0.974703381645968
1029,1940,typesetter,181787.0,0.0689323218932046,0.9310676781067954
1030,1940,upholsterer,40836.0,0.0538740327162307,0.9461259672837692
1031,1940,veterinarian,11521.0,0.0520788126030726,0.9479211873969272
1032,1940,waitstaff,611547.0,0.6671392386848435,0.3328607613151564
1033,1940,welder,135656.0,0.0169546499970513,0.9830453500029489
1034,1950,accountant,414805.0,0.1567893347476525,0.8432106652523474
1035,1950,administrator,190465.0,0.1189509883705667,0.8810490116294333
1036,1950,architect,145653.0,0.0507232944051959,0.949276705594804
1037,1950,artist,83250.0,0.3661861861861862,0.6338138138138139
1038,1950,athlete,54854.0,0.22321070477996127,0.7767892952200387
1039,1950,attendant,666210.0,0.3465363774185317,0.6534636225814683
1040,1950,auctioneer,16642.0,0.1800264391299122,0.8199735608700878
1041,1950,author,15747.0,0.3632437924684066,0.6367562075315933
1042,1950,bailiff,20117.0,0.057612964159665894,0.942387035840334
1043,1950,baker,121810.0,0.0820458090468762,0.9179541909531236
1044,1950,bankteller,68209.0,0.4742189447140407,0.5257810552859593
1045,1950,bartender,227422.0,0.0768175462356324,0.9231824537643676
1046,1950,blacksmith,45925.0,0.0014371257485029003,0.998562874251497
1047,1950,boilermaker,39081.0,0.0082392978685294,0.9917607021314704
1048,1950,bookbinder,32757.0,0.5388466587294318,0.4611533412705681
1049,1950,bootblack,16769.0,0.1078179974953783,0.8921820025046217
1050,1950,broker,477042.0,0.1042801262781893,0.8957198737218106
1051,1950,cabinetmaker,72208.0,0.0078523155329049,0.992147684467095
1052,1950,carpenter,989173.0,0.005842254084978,0.994157745915022
1053,1950,cashier,247531.0,0.8073938213799484,0.1926061786200516
1054,1950,chemist,80110.0,0.0983522656347522,0.9016477343652478
1055,1950,chiropractor,14087.0,0.1386384609924043,0.8613615390075956
1056,1950,clergy,223644.0,0.1674894028008799,0.83251059719912
1057,1950,clerical,3154631.0,0.4928088261352912,0.5071911738647087
1058,1950,clerk,309225.0,0.061473037432290406,0.9385269625677096
1059,1950,compositor,186394.0,0.0639183664710237,0.9360816335289762
1060,1950,conductor,69238.0,0.0007943614778012,0.9992056385221988
1061,1950,conservationist,28230.0,0.0625221395678356,0.9374778604321644
1062,1950,constable,7734.0,0.02133436772692,0.97866563227308
1063,1950,cook,489681.0,0.5251418780798112,0.4748581219201888
1064,1950,craftsperson,80058.0,0.0078193309850358,0.9921806690149642
1065,1950,dancer,15477.0,0.7865219357756671,0.2134780642243328
1066,1950,dentist,73743.0,0.0279484154428216,0.9720515845571785
1067,1950,designer,45581.0,0.24488273622781423,0.7551172637721858
1068,1950,dietitian,24052.0,0.9504407117911192,0.049559288208880704
1069,1950,doctor,199785.0,0.058638035888580194,0.9413619641114198
1070,1950,doorkeeper,269821.0,0.0202578746650557,0.9797421253349445
1071,1950,draftsperson,120068.0,0.05717593363760529,0.9428240663623948
1072,1950,driver,1816045.0,0.0072063192266711,0.9927936807733287
1073,1950,economist,10023.0,0.3272473311383817,0.6727526688616183
1074,1950,electrician,330886.0,0.0067515700271392,0.9932484299728608
1075,1950,eletrotyper,20775.0,0.0779302045728038,0.922069795427196
1076,1950,engineer,880054.0,0.0140173216643524,0.9859826783356476
1077,1950,entertainer,36148.0,0.3849452251853491,0.6150547748146509
1078,1950,farmer,4434463.0,0.0264929485261236,0.9735070514738763
1079,1950,fireperson,256909.0,0.0156047472062092,0.9843952527937908
1080,1950,gardener,162332.0,0.023002242318212,0.976997757681788
1081,1950,geologist,11098.0,0.0396467832041809,0.9603532167958192
1082,1950,guard,269821.0,0.0202578746650557,0.9797421253349445
1083,1950,housekeeper,1680444.0,0.9396837978534243,0.06031620214657551
1084,1950,huckster,24983.0,0.1442981227234519,0.855701877276548
1085,1950,inspector,162595.0,0.0629847166272025,0.9370152833727976
1086,1950,instructor,118019.0,0.2622798024046975,0.7377201975953025
1087,1950,janitor,620230.0,0.2275397836286538,0.7724602163713461
1088,1950,jeweler,51936.0,0.0583025261860751,0.9416974738139249
1089,1950,judge,181567.0,0.0328528862623714,0.9671471137376284
1090,1950,laborer,7035828.0,0.1110103885427557,0.8889896114572443
1091,1950,lawyer,181567.0,0.0328528862623714,0.9671471137376284
1092,1950,librarian,858294.0,0.780592664052178,0.219407335947822
1093,1950,lumberjack,101592.0,0.0240176391841877,0.9759823608158122
1094,1950,machinist,534675.0,0.0135203628372375,0.9864796371627624
1095,1950,mailperson,531395.0,0.0707646854035134,0.9292353145964866
1096,1950,manager,4530167.0,0.1256525421689752,0.8743474578310247
1097,1950,mason,172104.0,0.0048110444847301,0.99518895551527
1098,1950,mathematician,2309.0,0.2923343438718059,0.707665656128194
1099,1950,mechanic,8531878.0,0.3079695935642774,0.6920304064357226
1100,1950,midwife,1206.0,0.9087893864013267,0.0912106135986733
1101,1950,milliner,18134.0,0.8056137641998455,0.1943862358001544
1102,1950,millwright,60841.0,0.0043884880261665,0.9956115119738336
1103,1950,molder,62585.0,0.007142286490373,0.9928577135096268
1104,1950,musician,175860.0,0.5269361992494029,0.473063800750597
1105,1950,newsperson,195741.0,0.1470616784424316,0.8529383215575684
1106,1950,nurse,639626.0,0.9726027397260274,0.0273972602739726
1107,1950,nutritionist,24052.0,0.9504407117911192,0.049559288208880704
1108,1950,official,4654957.0,0.126999669384701,0.8730003306152989
1109,1950,operator,1002950.0,0.5357206241587318,0.4642793758412682
1110,1950,optometrist,17692.0,0.0541487678046574,0.9458512321953423
1111,1950,osteopath,7405.0,0.0780553679945982,0.9219446320054018
1112,1950,painter,155082.0,0.1406997588372603,0.8593002411627397
1113,1950,paperhanger,25897.0,0.1190871529520793,0.8809128470479206
1114,1950,peddler,24983.0,0.1442981227234519,0.855701877276548
1115,1950,pharmacist,99684.0,0.1403836122145981,0.8596163877854018
1116,1950,photographer,56595.0,0.1770121035427158,0.8229878964572842
1117,1950,physician,199785.0,0.058638035888580194,0.9413619641114198
1118,1950,physicist,7643.0,0.083998429935889,0.916001570064111
1119,1950,pilot,16988.0,0.0,1.0
1120,1950,plasterer,70250.0,0.0172953736654804,0.9827046263345196
1121,1950,plumber,297638.0,0.0075024022470249006,0.9924975977529753
1122,1950,police,236617.0,0.025272909385209,0.974727090614791
1123,1950,porter,181687.0,0.036111554486562,0.963888445513438
1124,1950,postmaster,37122.0,0.3972576908571736,0.6027423091428263
1125,1950,professor,123746.0,0.2625943464839267,0.7374056535160732
1126,1950,proprietor,4497215.0,0.1260978183164469,0.873902181683553
1127,1950,psychologist,4295.0,0.589988358556461,0.410011641443539
1128,1950,sailor,59697.0,0.0166675042296932,0.9833324957703068
1129,1950,sales,3567256.0,0.3817466422370584,0.6182533577629415
1130,1950,salesperson,222978.0,0.3236462790051036,0.6763537209948963
1131,1950,scientist,120165.0,0.1104814213789373,0.8895185786210626
1132,1950,secretary,1680722.0,0.9461011398672712,0.05389886013272859
1133,1950,setter,163775.0,0.0024729049000152,0.9975270950999849
1134,1950,sheriff,20117.0,0.057612964159665894,0.942387035840334
1135,1950,shoemaker,58087.0,0.0249625561657513,0.9750374438342486
1136,1950,smith,137532.0,0.010695692638804,0.9893043073611959
1137,1950,soldier,1022507.0,0.0204174641347198,0.97958253586528
1138,1950,statistician,24374.0,0.3427832936735866,0.6572167063264134
1139,1950,stereotyper,20775.0,0.0779302045728038,0.922069795427196
1140,1950,surgeon,199785.0,0.058638035888580194,0.9413619641114198
1141,1950,surveyor,27810.0,0.1050341603739661,0.8949658396260338
1142,1950,tailor,109095.0,0.22573903478619553,0.7742609652138045
1143,1950,teacher,1172528.0,0.7446611083061556,0.2553388916938444
1144,1950,teamster,25795.0,0.0200814111261872,0.9799185888738128
1145,1950,technician,201558.0,0.35804086168745475,0.6419591383125453
1146,1950,therapist,25611.0,0.5322712896802155,0.4677287103197844
1147,1950,toolmaker,163775.0,0.0024729049000152,0.9975270950999849
1148,1950,tradesperson,3615335.0,0.0584781216678399,0.94152187833216
1149,1950,typesetter,186394.0,0.0639183664710237,0.9360816335289762
1150,1950,upholsterer,67493.0,0.068658972041545,0.931341027958455
1151,1950,veterinarian,17947.0,0.152337438011924,0.847662561988076
1152,1950,waitstaff,747830.0,0.8244868486153271,0.175513151384673
1153,1950,weaver,109027.0,0.4016894897594174,0.5983105102405826
1154,1950,welder,295000.0,0.0349593220338983,0.9650406779661017
1155,1960,accountant,563520.0,0.2259724588302101,0.7740275411697899
1156,1960,administrator,330680.0,0.197895246159429,0.8021047538405709
1157,1960,architect,276720.0,0.0907054061867591,0.9092945938132408
1158,1960,artist,130740.0,0.4653510784763653,0.5346489215236347
1159,1960,athlete,108640.0,0.4015095729013255,0.5984904270986745
1160,1960,attendant,1442420.0,0.5267120533547788,0.4732879466452212
1161,1960,auctioneer,4520.0,0.0486725663716814,0.9513274336283186
1162,1960,author,33340.0,0.3113377324535093,0.6886622675464907
1163,1960,bailiff,27920.0,0.0680515759312321,0.931948424068768
1164,1960,baker,135220.0,0.2115071734950451,0.7884928265049549
1165,1960,bankteller,188460.0,0.7693940358696806,0.2306059641303194
1166,1960,bartender,221240.0,0.1370457421804375,0.8629542578195625
1167,1960,blacksmith,29660.0,0.0033715441672285003,0.9966284558327714
1168,1960,boilermaker,33080.0,0.0018137847642079,0.998186215235792
1169,1960,bookbinder,37920.0,0.6540084388185654,0.3459915611814346
1170,1960,bootblack,11660.0,0.0445969125214408,0.9554030874785592
1171,1960,broker,702940.0,0.1852505192477309,0.814749480752269
1172,1960,cabinetmaker,81640.0,0.0213130818226359,0.9786869181773641
1173,1960,carpenter,1111980.0,0.0042266947247252,0.9957733052752747
1174,1960,cashier,827100.0,0.846499818643453,0.1535001813565469
1175,1960,chemist,96740.0,0.1381021294190614,0.8618978705809386
1176,1960,chiropractor,16200.0,0.1222222222222222,0.8777777777777778
1177,1960,clergy,287560.0,0.1774933926832661,0.8225066073167339
1178,1960,clerical,5834840.0,0.6556649368277451,0.3443350631722549
1179,1960,clerk,335840.0,0.1186279180562172,0.8813720819437828
1180,1960,compositor,204040.0,0.11948637522054491,0.880513624779455
1181,1960,conductor,64360.0,0.0080795525170913,0.9919204474829086
1182,1960,conservationist,42320.0,0.04962192816635161,0.9503780718336484
1183,1960,constable,7980.0,0.0401002506265664,0.9598997493734336
1184,1960,cook,858140.0,0.6992798377887058,0.3007201622112942
1185,1960,craftsperson,124740.0,0.0243706910373577,0.9756293089626424
1186,1960,dancer,33280.0,0.8317307692307693,0.1682692307692307
1187,1960,dentist,86800.0,0.0347926267281106,0.9652073732718894
1188,1960,designer,80100.0,0.26541822721598,0.7345817727840199
1189,1960,dietitian,42020.0,0.9424083769633508,0.057591623036649206
1190,1960,doctor,241920.0,0.0769675925925925,0.9230324074074074
1191,1960,doorkeeper,368420.0,0.0459801313718039,0.9540198686281959
1192,1960,draftsperson,244100.0,0.0978287587054485,0.9021712412945514
1193,1960,driver,2193600.0,0.0207512764405543,0.9792487235594457
1194,1960,economist,22180.0,0.1884580703336339,0.8115419296663661
1195,1960,electrician,388440.0,0.011481824734836702,0.9885181752651632
1196,1960,eletrotyper,9900.0,0.0141414141414141,0.985858585858586
1197,1960,engineer,1313900.0,0.0096049927696171,0.9903950072303829
1198,1960,entertainer,36160.0,0.4148230088495575,0.5851769911504425
1199,1960,farmer,3004300.0,0.062437173384815005,0.9375628266151848
1200,1960,fireperson,260840.0,0.0055206256709093,0.9944793743290906
1201,1960,gardener,306380.0,0.0210196488021411,0.9789803511978586
1202,1960,geologist,20960.0,0.0362595419847328,0.9637404580152672
1203,1960,guard,368420.0,0.0459801313718039,0.9540198686281959
1204,1960,housekeeper,2931440.0,0.957427066561144,0.0425729334388559
1205,1960,huckster,83140.0,0.6242482559538128,0.3757517440461871
1206,1960,inspector,212660.0,0.1008182074673187,0.8991817925326813
1207,1960,instructor,193840.0,0.2656830375567478,0.7343169624432522
1208,1960,janitor,1077140.0,0.3028389995729432,0.6971610004270569
1209,1960,jeweler,43400.0,0.0921658986175115,0.9078341013824884
1210,1960,judge,223480.0,0.0466260962949704,0.9533739037050296
1211,1960,laborer,7102820.0,0.14767937241827886,0.8523206275817211
1212,1960,lawyer,223480.0,0.0466260962949704,0.9533739037050296
1213,1960,librarian,1582880.0,0.8785125846558173,0.1214874153441827
1214,1960,lumberjack,109840.0,0.0347778587035688,0.9652221412964314
1215,1960,machinist,588280.0,0.0210444006255524,0.9789555993744478
1216,1960,mailperson,879120.0,0.0819228319228319,0.918077168077168
1217,1960,manager,5187300.0,0.1671235517513928,0.8328764482486072
1218,1960,mason,235840.0,0.0039009497964721,0.9960990502035278
1219,1960,mathematician,10100.0,0.3663366336633663,0.6336633663366337
1220,1960,mechanic,12529120.0,0.40519844969159835,0.5948015503084015
1221,1960,midwife,2040.0,0.9019607843137256,0.0980392156862745
1222,1960,milliner,6720.0,0.9166666666666666,0.0833333333333333
1223,1960,millwright,74780.0,0.0008023535704733,0.9991976464295266
1224,1960,molder,60460.0,0.0387032748924909,0.9612967251075092
1225,1960,musician,236500.0,0.6043128964059197,0.3956871035940803
1226,1960,newsperson,450360.0,0.1849631405986322,0.8150368594013678
1227,1960,nurse,1330560.0,0.9767015392015392,0.0232984607984607
1228,1960,nutritionist,42020.0,0.9424083769633508,0.057591623036649206
1229,1960,official,5437060.0,0.1706804780524768,0.8293195219475231
1230,1960,operator,1764320.0,0.6397025482905595,0.3602974517094404
1231,1960,optometrist,17480.0,0.0434782608695652,0.9565217391304348
1232,1960,osteopath,4540.0,0.1365638766519823,0.8634361233480177
1233,1960,painter,174740.0,0.145473274579375,0.8545267254206249
1234,1960,paperhanger,15400.0,0.1675324675324675,0.8324675324675325
1235,1960,peddler,83140.0,0.6242482559538128,0.3757517440461871
1236,1960,pharmacist,101000.0,0.0978217821782178,0.9021782178217822
1237,1960,photographer,59360.0,0.1805929919137466,0.8194070080862533
1238,1960,physician,241920.0,0.0769675925925925,0.9230324074074074
1239,1960,physicist,14120.0,0.0538243626062322,0.9461756373937678
1240,1960,pilot,29000.0,0.0062068965517241,0.993793103448276
1241,1960,plasterer,60120.0,0.0026613439787092,0.9973386560212908
1242,1960,plumber,365380.0,0.0038863648803984,0.9961136351196017
1243,1960,police,311980.0,0.0383357907558176,0.9616642092441823
1244,1960,porter,185240.0,0.0224573526236234,0.9775426473763766
1245,1960,postmaster,47960.0,0.463302752293578,0.536697247706422
1246,1960,professor,201900.0,0.2652798415056959,0.7347201584943042
1247,1960,proprietor,5160540.0,0.1678002689641006,0.8321997310358994
1248,1960,psychologist,13900.0,0.3971223021582734,0.6028776978417266
1249,1960,sailor,49700.0,0.0072434607645875,0.9927565392354125
1250,1960,sales,5787000.0,0.5522965266977709,0.44770347330222904
1251,1960,salesperson,402520.0,0.36768359336182044,0.6323164066381795
1252,1960,scientist,167480.0,0.1429424408884643,0.8570575591115357
1253,1960,secretary,3949000.0,0.9768548999746772,0.0231451000253228
1254,1960,setter,204880.0,0.0093713393205778,0.990628660679422
1255,1960,sheriff,27920.0,0.0680515759312321,0.931948424068768
1256,1960,shoemaker,42800.0,0.0397196261682243,0.9602803738317756
1257,1960,smith,159960.0,0.0181295323830957,0.9818704676169042
1258,1960,soldier,1787420.0,0.0196260531939891,0.9803739468060108
1259,1960,statistician,28840.0,0.4029126213592233,0.5970873786407767
1260,1960,stereotyper,9900.0,0.0141414141414141,0.985858585858586
1261,1960,surgeon,241920.0,0.0769675925925925,0.9230324074074074
1262,1960,surveyor,57600.0,0.0923611111111111,0.9076388888888888
1263,1960,tailor,58740.0,0.2444671433435478,0.7555328566564522
1264,1960,teacher,2163540.0,0.7694241844384666,0.2305758155615334
1265,1960,teamster,25940.0,0.0053970701619121,0.9946029298380878
1266,1960,technician,597160.0,0.3551476991091165,0.6448523008908835
1267,1960,therapist,49180.0,0.6368442456283042,0.36315575437169584
1268,1960,toolmaker,204880.0,0.0093713393205778,0.990628660679422
1269,1960,tradesperson,4093400.0,0.0580055699418576,0.9419944300581424
1270,1960,typesetter,204040.0,0.11948637522054491,0.880513624779455
1271,1960,upholsterer,68700.0,0.1315866084425036,0.8684133915574963
1272,1960,veterinarian,15800.0,0.0240506329113924,0.9759493670886076
1273,1960,waitstaff,1818140.0,0.9184331239618512,0.0815668760381488
1274,1960,weaver,86320.0,0.4763670064874884,0.5236329935125116
1275,1960,welder,421000.0,0.069833729216152,0.930166270783848
1276,1970,accountant,1708800.0,0.3038389513108614,0.6961610486891385
1277,1970,administrator,906600.0,0.2101257445400397,0.7898742554599603
1278,1970,architect,792000.0,0.0940656565656565,0.9059343434343434
1279,1970,artist,268400.0,0.4396423248882265,0.5603576751117735
1280,1970,athlete,217800.0,0.3682277318640955,0.6317722681359045
1281,1970,attendant,5712500.0,0.6426258205689278,0.3573741794310722
1282,1970,auctioneer,14500.0,0.08275862068965512,0.9172413793103448
1283,1970,author,64400.0,0.3509316770186335,0.6490683229813664
1284,1970,bailiff,77000.0,0.0636363636363636,0.9363636363636364
1285,1970,baker,287900.0,0.332754428621049,0.667245571378951
1286,1970,bankteller,722900.0,0.8755014524830543,0.1244985475169456
1287,1970,bartender,506400.0,0.2529620853080568,0.7470379146919431
1288,1970,blacksmith,45700.0,0.0306345733041575,0.9693654266958422
1289,1970,boilermaker,75000.0,0.02,0.98
1290,1970,bookbinder,97300.0,0.6762589928057554,0.3237410071942446
1291,1970,bootblack,14100.0,0.0992907801418439,0.900709219858156
1292,1970,broker,2554500.0,0.360540223135643,0.6394597768643571
1293,1970,cabinetmaker,163800.0,0.0714285714285714,0.9285714285714286
1294,1970,carpenter,2264000.0,0.0136042402826855,0.9863957597173145
1295,1970,cashier,2874900.0,0.8717868447598177,0.1282131552401822
1296,1970,chemist,247900.0,0.154094392900363,0.8459056070996369
1297,1970,chiropractor,29700.0,0.1077441077441077,0.8922558922558923
1298,1970,clergy,574800.0,0.12247738343771739,0.8775226165622826
1299,1970,clerical,14480900.0,0.673991257449468,0.3260087425505321
1300,1970,clerk,1032300.0,0.1702024605250411,0.8297975394749588
1301,1970,compositor,373800.0,0.18084537185660776,0.8191546281433922
1302,1970,conductor,128700.0,0.0186480186480186,0.9813519813519812
1303,1970,conservationist,105800.0,0.0576559546313799,0.94234404536862
1304,1970,constable,10100.0,0.0396039603960396,0.9603960396039604
1305,1970,cook,2605400.0,0.6683426729101097,0.3316573270898902
1306,1970,craftsperson,1886400.0,0.0635072094995759,0.936492790500424
1307,1970,dancer,24500.0,0.8653061224489796,0.1346938775510204
1308,1970,dentist,208500.0,0.0436450839328537,0.9563549160671464
1309,1970,designer,258900.0,0.2858246427191966,0.7141753572808034
1310,1970,dietitian,122500.0,0.9159183673469388,0.0840816326530612
1311,1970,doctor,591300.0,0.1094199222053103,0.8905800777946896
1312,1970,doorkeeper,855800.0,0.0588922645477915,0.9411077354522083
1313,1970,draftsperson,664600.0,0.1030695154980439,0.8969304845019561
1314,1970,driver,4235400.0,0.0618123435802993,0.9381876564197006
1315,1970,economist,140600.0,0.1436699857752489,0.8563300142247511
1316,1970,electrician,1019400.0,0.0235432607416127,0.9764567392583872
1317,1970,eletrotyper,17000.0,0.0470588235294117,0.9529411764705882
1318,1970,engineer,3228400.0,0.0179345805971998,0.9820654194028
1319,1970,entertainer,208400.0,0.3833973128598848,0.6166026871401151
1320,1970,farmer,3760000.0,0.0628723404255319,0.937127659574468
1321,1970,fireperson,631400.0,0.0422869813113715,0.9577130186886282
1322,1970,gardener,1121100.0,0.035054856837035,0.964945143162965
1323,1970,geologist,50900.0,0.0550098231827112,0.9449901768172888
1324,1970,guard,855800.0,0.0588922645477915,0.9411077354522083
1325,1970,housekeeper,4596400.0,0.9527238708554518,0.0472761291445479
1326,1970,huckster,416300.0,0.827768436223877,0.1722315637761229
1327,1970,inspector,533800.0,0.1030348445110528,0.8969651554889472
1328,1970,instructor,1023900.0,0.33206367809356385,0.6679363219064361
1329,1970,janitor,4760200.0,0.2725515734632998,0.7274484265367002
1330,1970,jeweler,92400.0,0.1634199134199134,0.8365800865800865
1331,1970,judge,603900.0,0.0615996025832091,0.9384003974167908
1332,1970,laborer,13803200.0,0.147002144430277,0.852997855569723
1333,1970,lawyer,603900.0,0.0615996025832091,0.9384003974167908
1334,1970,librarian,5065900.0,0.8446475453522573,0.1553524546477427
1335,1970,lumberjack,264500.0,0.1009451795841209,0.899054820415879
1336,1970,machinist,866400.0,0.0415512465373961,0.9584487534626038
1337,1970,mailperson,2349200.0,0.0879448322833305,0.9120551677166697
1338,1970,manager,10870000.0,0.1840386384544618,0.8159613615455382
1339,1970,mason,479600.0,0.012718932443703,0.987281067556297
1340,1970,mathematician,16300.0,0.3190184049079754,0.6809815950920245
1341,1970,mechanic,29657300.0,0.4205237833518223,0.5794762166481777
1342,1970,midwife,2800.0,0.8214285714285714,0.1785714285714285
1343,1970,milliner,8800.0,0.9090909090909092,0.0909090909090909
1344,1970,millwright,186000.0,0.0096774193548387,0.9903225806451611
1345,1970,molder,129600.0,0.1334876543209876,0.8665123456790124
1346,1970,musician,728900.0,0.5907531897379613,0.4092468102620387
1347,1970,newsperson,1098800.0,0.24399344739716047,0.7560065526028394
1348,1970,nurse,3316900.0,0.9460339473604872,0.0539660526395128
1349,1970,nutritionist,122500.0,0.9159183673469388,0.0840816326530612
1350,1970,official,11516600.0,0.1896219370300262,0.8103780629699737
1351,1970,operator,4299500.0,0.6178625421560646,0.3821374578439353
1352,1970,optometrist,35800.0,0.053072625698324,0.946927374301676
1353,1970,painter,353600.0,0.2016402714932126,0.7983597285067874
1354,1970,peddler,416300.0,0.827768436223877,0.1722315637761229
1355,1970,pharmacist,261100.0,0.1497510532363079,0.8502489467636921
1356,1970,photographer,160100.0,0.2017489069331667,0.7982510930668333
1357,1970,physician,591300.0,0.1094199222053103,0.8905800777946896
1358,1970,physicist,47700.0,0.05241090146750519,0.947589098532495
1359,1970,pilot,106800.0,0.0149812734082397,0.9850187265917605
1360,1970,plasterer,77700.0,0.014157014157014102,0.9858429858429858
1361,1970,plumber,858200.0,0.0111862036821253,0.9888137963178746
1362,1970,police,883100.0,0.0460876457932284,0.9539123542067716
1363,1970,porter,56300.0,0.0301953818827708,0.9698046181172292
1364,1970,postmaster,92500.0,0.36324324324324314,0.6367567567567568
1365,1970,professor,1112900.0,0.3285110971336148,0.6714889028663851
1366,1970,proprietor,10733900.0,0.1856920597359766,0.8143079402640233
1367,1970,psychologist,63800.0,0.3855799373040752,0.6144200626959248
1368,1970,sailor,80300.0,0.0112079701120797,0.9887920298879203
1369,1970,sales,13253400.0,0.5334706565862345,0.4665293434137655
1370,1970,salesperson,1988100.0,0.2720185101353051,0.7279814898646949
1371,1970,scientist,484200.0,0.1734820322180917,0.8265179677819083
1372,1970,secretary,11964600.0,0.973045484178326,0.0269545158216739
1373,1970,setter,446800.0,0.0270814682184422,0.9729185317815576
1374,1970,sheriff,77000.0,0.0636363636363636,0.9363636363636364
1375,1970,shoemaker,193600.0,0.1105371900826446,0.8894628099173554
1376,1970,smith,349900.0,0.0288653901114604,0.9711346098885396
1377,1970,soldier,4371800.0,0.0288897021821675,0.9711102978178324
1378,1970,statistician,69000.0,0.4652173913043478,0.5347826086956522
1379,1970,stereotyper,17000.0,0.0470588235294117,0.9529411764705882
1380,1970,surgeon,591300.0,0.1094199222053103,0.8905800777946896
1381,1970,surveyor,150700.0,0.0537491705374917,0.9462508294625083
1382,1970,tailor,187900.0,0.3560404470463012,0.6439595529536988
1383,1970,teacher,7381700.0,0.7391928688513486,0.2608071311486514
1384,1970,teamster,20500.0,0.0682926829268292,0.9317073170731708
1385,1970,technician,1862600.0,0.3715236765811232,0.6284763234188768
1386,1970,therapist,207800.0,0.6424446583253128,0.3575553416746872
1387,1970,toolmaker,446800.0,0.0270814682184422,0.9729185317815576
1388,1970,tradesperson,11756500.0,0.05637732318292,0.9436226768170801
1389,1970,typesetter,373800.0,0.18084537185660776,0.8191546281433922
1390,1970,upholsterer,150600.0,0.1852589641434263,0.8147410358565738
1391,1970,veterinarian,41100.0,0.0948905109489051,0.9051094890510947
1392,1970,waitstaff,4273500.0,0.9188955188955188,0.0811044811044811
1393,1970,weaver,133000.0,0.5774436090225564,0.4225563909774436
1394,1970,welder,1268300.0,0.0775841677836474,0.9224158322163526
1395,1980,accountant,1159380.0,0.4080974313857406,0.5919025686142594
1396,1980,administrator,623660.0,0.3091748709232594,0.6908251290767405
1397,1980,architect,492100.0,0.15586262954684,0.84413737045316
1398,1980,artist,180120.0,0.5089940039973351,0.4910059960026648
1399,1980,athlete,82980.0,0.2868161002651241,0.7131838997348758
1400,1980,attendant,4629100.0,0.7720161586485494,0.2279838413514506
1401,1980,auctioneer,7700.0,0.1662337662337662,0.8337662337662337
1402,1980,author,55040.0,0.4807412790697674,0.5192587209302325
1403,1980,bailiff,70380.0,0.1386757601591361,0.8613242398408639
1404,1980,baker,154980.0,0.4262485481997677,0.5737514518002322
1405,1980,bankteller,639180.0,0.9129509684282987,0.0870490315717012
1406,1980,bartender,403800.0,0.4771173848439822,0.5228826151560179
1407,1980,boilermaker,42820.0,0.0177487155534796,0.9822512844465204
1408,1980,bookbinder,38240.0,0.6134937238493724,0.3865062761506276
1409,1980,broker,1613000.0,0.4171357718536888,0.5828642281463112
1410,1980,cabinetmaker,87400.0,0.0990846681922196,0.9009153318077803
1411,1980,carpenter,1558900.0,0.0182308037718904,0.9817691962281098
1412,1980,cashier,2706960.0,0.8557126813842835,0.1442873186157165
1413,1980,chemist,112360.0,0.2125311498754005,0.7874688501245996
1414,1980,chiropractor,23800.0,0.1394957983193277,0.8605042016806723
1415,1980,clergy,370440.0,0.1502537522945686,0.8497462477054314
1416,1980,clerical,9086720.0,0.7010626496689675,0.2989373503310325
1417,1980,clerk,593420.0,0.251626166964376,0.748373833035624
1418,1980,compositor,86660.0,0.5508885298869144,0.4491114701130856
1419,1980,conductor,59400.0,0.0164983164983164,0.9835016835016837
1420,1980,conservationist,68540.0,0.1286839801575722,0.8713160198424278
1421,1980,cook,2280320.0,0.6025645523435307,0.3974354476564692
1422,1980,dancer,17660.0,0.7780294450736127,0.2219705549263873
1423,1980,dentist,135620.0,0.0766848547411886,0.9233151452588114
1424,1980,designer,404200.0,0.5467590301830777,0.4532409698169223
1425,1980,dietitian,81780.0,0.9026656884323796,0.0973343115676204
1426,1980,doctor,460260.0,0.14244122887063826,0.8575587711293616
1427,1980,doorkeeper,844880.0,0.1477132847268251,0.8522867152731749
1428,1980,draftsperson,373460.0,0.1760831146575269,0.8239168853424731
1429,1980,driver,2841420.0,0.1078052523034257,0.8921947476965743
1430,1980,economist,106740.0,0.3056023983511336,0.6943976016488664
1431,1980,electrician,713120.0,0.0216232892079874,0.9783767107920126
1432,1980,engineer,1961080.0,0.0601505293001815,0.9398494706998184
1433,1980,entertainer,118680.0,0.4051230198854061,0.5948769801145939
1434,1980,farmer,1692760.0,0.1258654505068645,0.8741345494931355
1435,1980,fireperson,416140.0,0.0275868698034315,0.9724131301965683
1436,1980,gardener,627680.0,0.0920851389242926,0.9079148610757074
1437,1980,geologist,49720.0,0.1287208366854384,0.8712791633145616
1438,1980,guard,844880.0,0.1477132847268251,0.8522867152731749
1439,1980,housekeeper,1019140.0,0.9437172518005376,0.0562827481994622
1440,1980,huckster,339340.0,0.8298461719809042,0.1701538280190959
1441,1980,inspector,241700.0,0.1553165080678527,0.8446834919321473
1442,1980,instructor,678940.0,0.3863669838277314,0.6136330161722685
1443,1980,janitor,3872880.0,0.3916465266158517,0.6083534733841482
1444,1980,jeweler,93480.0,0.2640136927685066,0.7359863072314934
1445,1980,judge,566600.0,0.1512177903282739,0.8487822096717261
1446,1980,laborer,7367540.0,0.1741096756855069,0.825890324314493
1447,1980,lawyer,566600.0,0.1512177903282739,0.8487822096717261
1448,1980,librarian,2799480.0,0.8926372040521812,0.10736279594781879
1449,1980,lumberjack,127760.0,0.1358797745773325,0.8641202254226675
1450,1980,machinist,587520.0,0.0559640522875817,0.9440359477124183
1451,1980,mailperson,1305780.0,0.1252584662041078,0.8747415337958921
1452,1980,manager,9703980.0,0.2800624073833623,0.7199375926166377
1453,1980,mason,282880.0,0.0137160633484162,0.9862839366515838
1454,1980,mathematician,6860.0,0.1924198250728863,0.8075801749271136
1455,1980,mechanic,15068940.0,0.3818437129618938,0.6181562870381062
1456,1980,millwright,151200.0,0.0355820105820105,0.9644179894179894
1457,1980,molder,43340.0,0.1619750807568066,0.8380249192431933
1458,1980,musician,651760.0,0.5579661224990794,0.4420338775009206
1459,1980,newsperson,538900.0,0.4680645759881239,0.531935424011876
1460,1980,nurse,2249760.0,0.9312904487589788,0.0687095512410212
1461,1980,nutritionist,81780.0,0.9026656884323796,0.0973343115676204
1462,1980,official,9982260.0,0.2862437964949821,0.7137562035050179
1463,1980,operator,2374760.0,0.5523758190301336,0.44762418096986645
1464,1980,optometrist,26480.0,0.0921450151057401,0.90785498489426
1465,1980,painter,236080.0,0.2080650626906133,0.7919349373093867
1466,1980,peddler,339340.0,0.8298461719809042,0.1701538280190959
1467,1980,pharmacist,164240.0,0.2517048222113979,0.748295177788602
1468,1980,photographer,113340.0,0.2832186341979884,0.7167813658020117
1469,1980,physician,460260.0,0.14244122887063826,0.8575587711293616
1470,1980,physicist,33380.0,0.0539245056920311,0.9460754943079688
1471,1980,pilot,82060.0,0.0163295149890324,0.9836704850109675
1472,1980,plasterer,33860.0,0.0259893679858239,0.974010632014176
1473,1980,plumber,568020.0,0.0142248512376324,0.9857751487623675
1474,1980,police,606980.0,0.0696892813601766,0.9303107186398234
1475,1980,porter,26320.0,0.080547112462006,0.919452887537994
1476,1980,postmaster,41940.0,0.4387219837863614,0.5612780162136385
1477,1980,professor,678940.0,0.3863669838277314,0.6136330161722685
1478,1980,proprietor,9539260.0,0.28292131674784,0.7170786832521601
1479,1980,psychologist,100640.0,0.5011923688394276,0.49880763116057236
1480,1980,sailor,43980.0,0.0300136425648021,0.9699863574351978
1481,1980,sales,6322520.0,0.5069276174689838,0.4930723825310161
1482,1980,salesperson,1232620.0,0.2766464928363972,0.7233535071636027
1483,1980,scientist,344440.0,0.24909998838694694,0.7509000116130531
1484,1980,secretary,6095540.0,0.984063758091982,0.0159362419080179
1485,1980,setter,213280.0,0.0219429857464366,0.9780570142535634
1486,1980,sheriff,70380.0,0.1386757601591361,0.8613242398408639
1487,1980,shoemaker,136240.0,0.1131826189078097,0.8868173810921902
1488,1980,smith,178580.0,0.0385261507447642,0.9614738492552356
1489,1980,soldier,1782500.0,0.0970098176718092,0.9029901823281908
1490,1980,statistician,45800.0,0.4510917030567685,0.5489082969432314
1491,1980,surgeon,460260.0,0.14244122887063826,0.8575587711293616
1492,1980,surveyor,101380.0,0.0968632866443085,0.9031367133556916
1493,1980,tailor,77840.0,0.44141829393627957,0.5585817060637205
1494,1980,teacher,4477040.0,0.7161517431159874,0.2838482568840126
1495,1980,technician,1931340.0,0.4175753621837688,0.5824246378162312
1496,1980,therapist,232360.0,0.7230160096402135,0.2769839903597865
1497,1980,toolmaker,213280.0,0.0219429857464366,0.9780570142535634
1498,1980,tradesperson,6016940.0,0.057391298567045695,0.9426087014329545
1499,1980,typesetter,86660.0,0.5508885298869144,0.4491114701130856
1500,1980,upholsterer,82260.0,0.2394845611475808,0.7605154388524191
1501,1980,veterinarian,37440.0,0.1388888888888889,0.8611111111111112
1502,1980,waitstaff,2289720.0,0.9005991999021714,0.0994008000978285
1503,1980,weaver,93480.0,0.6596063329054344,0.3403936670945657
1504,1980,welder,878980.0,0.0658490523106327,0.9341509476893672
1505,1990,accountant,1821092.0,0.5356752981178325,0.4643247018821674
1506,1990,administrator,1222047.0,0.5390594633430629,0.460940536656937
1507,1990,architect,543005.0,0.1810922551357722,0.8189077448642278
1508,1990,artist,249572.0,0.5461229625118202,0.4538770374881797
1509,1990,athlete,119261.0,0.2909249461265627,0.7090750538734373
1510,1990,attendant,5616112.0,0.7988197172705958,0.20118028272940416
1511,1990,auctioneer,9916.0,0.159035901573215,0.840964098426785
1512,1990,author,125048.0,0.5043103448275862,0.4956896551724138
1513,1990,bailiff,134475.0,0.1914036066183305,0.8085963933816694
1514,1990,baker,207945.0,0.4831758397653226,0.5168241602346775
1515,1990,bankteller,624766.0,0.9010093378961083,0.0989906621038917
1516,1990,bartender,410461.0,0.5255505395153255,0.47444946048467446
1517,1990,boilermaker,28725.0,0.0231157528285465,0.9768842471714534
1518,1990,bookbinder,37767.0,0.5591918870972012,0.44080811290279875
1519,1990,broker,2141271.0,0.5084811777677837,0.49151882223221616
1520,1990,cabinetmaker,81661.0,0.0751888906577191,0.924811109342281
1521,1990,carpenter,1635108.0,0.0189608270524026,0.9810391729475972
1522,1990,cashier,4052290.0,0.8109698466792851,0.1890301533207149
1523,1990,chemist,157320.0,0.2708492245105517,0.7291507754894483
1524,1990,chiropractor,49243.0,0.3148061653432975,0.6851938346567025
1525,1990,clergy,481212.0,0.230563660091602,0.769436339908398
1526,1990,clerical,10543237.0,0.7170560616250967,0.2829439383749033
1527,1990,clerk,752916.0,0.3028823932550245,0.6971176067449756
1528,1990,compositor,86980.0,0.6856978615773741,0.3143021384226259
1529,1990,conductor,48031.0,0.059919635235577,0.940080364764423
1530,1990,conservationist,61900.0,0.1480613893376413,0.8519386106623587
1531,1990,cook,3090406.0,0.5206487432395615,0.4793512567604386
1532,1990,dancer,28103.0,0.7826922392627121,0.2173077607372878
1533,1990,dentist,171414.0,0.1331454840328094,0.8668545159671905
1534,1990,designer,712965.0,0.5872335949170016,0.4127664050829984
1535,1990,dietitian,110748.0,0.898318705529671,0.101681294470329
1536,1990,doctor,627840.0,0.2119281982670744,0.7880718017329256
1537,1990,doorkeeper,1227193.0,0.1775450153317367,0.8224549846682633
1538,1990,draftsperson,372535.0,0.1913296737219321,0.8086703262780678
1539,1990,driver,4164049.0,0.1239094448696449,0.876090555130355
1540,1990,economist,168195.0,0.4420404887184518,0.5579595112815482
1541,1990,electrician,799198.0,0.0272247928548369,0.9727752071451632
1542,1990,engineer,2586848.0,0.11629365157906449,0.8837063484209354
1543,1990,entertainer,202931.0,0.506748599277587,0.493251400722413
1544,1990,farmer,1371064.0,0.1517142890485054,0.8482857109514946
1545,1990,fireperson,398901.0,0.0399196793189287,0.9600803206810713
1546,1990,gardener,1010782.0,0.0855337748396785,0.9144662251603214
1547,1990,geologist,59996.0,0.1556270418027868,0.8443729581972131
1548,1990,guard,1227193.0,0.1775450153317367,0.8224549846682633
1549,1990,housekeeper,918198.0,0.931413485980148,0.0685865140198519
1550,1990,huckster,313227.0,0.692318989103749,0.3076810108962509
1551,1990,inspector,270898.0,0.2452399057948009,0.754760094205199
1552,1990,instructor,877337.0,0.4197828200566031,0.5802171799433969
1553,1990,janitor,4429209.0,0.4456917702461094,0.5543082297538906
1554,1990,jeweler,110209.0,0.2923899137094066,0.7076100862905933
1555,1990,judge,841655.0,0.2534043046141234,0.7465956953858767
1556,1990,laborer,7676001.0,0.1874082611505652,0.8125917388494347
1557,1990,lawyer,841655.0,0.2534043046141234,0.7465956953858767
1558,1990,librarian,2849367.0,0.8837524264161127,0.11624757358388718
1559,1990,lumberjack,110749.0,0.1356581097797722,0.8643418902202277
1560,1990,machinist,643624.0,0.0479985208755422,0.9520014791244578
1561,1990,mailperson,775379.0,0.2431069193259038,0.7568930806740961
1562,1990,manager,14284297.0,0.3531792289113002,0.6468207710886997
1563,1990,mason,312455.0,0.0160151061752892,0.9839848938247108
1564,1990,mathematician,6620.0,0.2948640483383686,0.7051359516616315
1565,1990,mechanic,14025323.0,0.341427074442421,0.658572925557579
1566,1990,millwright,110878.0,0.035336135211674,0.964663864788326
1567,1990,molder,23274.0,0.1672252298702414,0.8327747701297585
1568,1990,musician,990082.0,0.5933811542882307,0.4066188457117693
1569,1990,newsperson,646373.0,0.522890034082488,0.47710996591751204
1570,1990,nurse,2944134.0,0.91789979668045,0.08210020331955
1571,1990,nutritionist,110748.0,0.898318705529671,0.101681294470329
1572,1990,official,15026575.0,0.3728978825846875,0.6271021174153125
1573,1990,operator,2687059.0,0.5802105573416885,0.4197894426583116
1574,1990,optometrist,30609.0,0.1549217550393675,0.8450782449606324
1575,1990,painter,199564.0,0.182437714216993,0.8175622857830069
1576,1990,peddler,313227.0,0.692318989103749,0.3076810108962509
1577,1990,pharmacist,205625.0,0.3722796352583586,0.6277203647416414
1578,1990,photographer,169826.0,0.338752605608093,0.661247394391907
1579,1990,physician,627840.0,0.2119281982670744,0.7880718017329256
1580,1990,physicist,42448.0,0.1237514134941575,0.8762485865058425
1581,1990,pilot,122564.0,0.0379230442870663,0.9620769557129336
1582,1990,plasterer,50555.0,0.0206309959450103,0.9793690040549896
1583,1990,plumber,585594.0,0.015799342206375,0.984200657793625
1584,1990,police,815675.0,0.143413737088914,0.8565862629110859
1585,1990,porter,45724.0,0.1058306359898521,0.8941693640101478
1586,1990,postmaster,53135.0,0.4774442457890279,0.522555754210972
1587,1990,professor,877337.0,0.4197828200566031,0.5802171799433969
1588,1990,proprietor,13990682.0,0.3575893584029713,0.6424106415970287
1589,1990,psychologist,206521.0,0.5967916095699711,0.40320839043002893
1590,1990,sailor,35405.0,0.0338087840700466,0.9661912159299534
1591,1990,sales,7212712.0,0.4826489675450787,0.5173510324549212
1592,1990,salesperson,1524383.0,0.4112713143612858,0.5887286856387142
1593,1990,scientist,478803.0,0.3121012190817518,0.6878987809182482
1594,1990,secretary,5869301.0,0.9785502566659984,0.0214497433340017
1595,1990,setter,169555.0,0.0269588039279289,0.973041196072071
1596,1990,sheriff,134475.0,0.1914036066183305,0.8085963933816694
1597,1990,shoemaker,159681.0,0.0899292965349665,0.9100707034650334
1598,1990,smith,199081.0,0.0519436812151837,0.9480563187848162
1599,1990,soldier,1727938.0,0.1083754162475737,0.8916245837524263
1600,1990,statistician,56567.0,0.4566443332685134,0.5433556667314866
1601,1990,surgeon,627840.0,0.2119281982670744,0.7880718017329256
1602,1990,surveyor,120525.0,0.1189213856046463,0.8810786143953536
1603,1990,tailor,73906.0,0.5036803507157741,0.4963196492842259
1604,1990,teacher,5245433.0,0.7439580297756162,0.2560419702243837
1605,1990,technician,2725160.0,0.46126025627853046,0.5387397437214696
1606,1990,therapist,373669.0,0.7617811485566103,0.2382188514433897
1607,1990,toolmaker,169555.0,0.0269588039279289,0.973041196072071
1608,1990,tradesperson,6239350.0,0.0544720203226297,0.9455279796773702
1609,1990,typesetter,86980.0,0.6856978615773741,0.3143021384226259
1610,1990,upholsterer,87564.0,0.2475218126170572,0.7524781873829428
1611,1990,veterinarian,53129.0,0.2754427901899151,0.7245572098100849
1612,1990,waitstaff,2047471.0,0.8257587042746881,0.1742412957253118
1613,1990,weaver,73912.0,0.671988310423206,0.328011689576794
1614,1990,welder,736890.0,0.0491579475905494,0.9508420524094504
1615,2000,accountant,22772086.0,0.5930821620821211,0.40691783791787894
1616,2000,administrator,4756680.0,0.5574160969415642,0.4425839030584357
1617,2000,architect,4579428.0,0.2226970267902454,0.7773029732097546
1618,2000,artist,2716997.0,0.4998176295373164,0.5001823704626837
1619,2000,athlete,3214410.0,0.3515002753226875,0.6484997246773124
1620,2000,attendant,82753562.0,0.813629400025101,0.1863705999748989
1621,2000,author,2205540.0,0.5715539051660817,0.4284460948339182
1622,2000,bailiff,125277.0,0.30410210972484975,0.6958978902751503
1623,2000,baker,2267641.0,0.5407562308143132,0.4592437691856868
1624,2000,bankteller,5279651.0,0.8764505456894783,0.12354945431052161
1625,2000,bartender,4635837.0,0.5859384184560414,0.4140615815439585
1626,2000,boilermaker,256061.0,0.022752391031824394,0.9772476089681755
1627,2000,bookbinder,515248.0,0.53302875508493,0.46697124491507
1628,2000,broker,24917826.0,0.5784398285789458,0.4215601714210542
1629,2000,cabinetmaker,955090.0,0.07029285198253563,0.9297071480174643
1630,2000,carpenter,19034067.0,0.020668099991452128,0.9793319000085479
1631,2000,cashier,45773590.0,0.768647292030186,0.231352707969814
1632,2000,chemist,1091771.0,0.3485483677437851,0.6514516322562149
1633,2000,chiropractor,758387.0,0.3405451306522923,0.6594548693477077
1634,2000,clergy,6394607.0,0.30007004339750665,0.6999299566024934
1635,2000,clerical,129465198.0,0.7038201030673896,0.29617989693261043
1636,2000,clerk,7604070.0,0.3112222796476097,0.6887777203523903
1637,2000,compositor,714868.0,0.4866814572760286,0.5133185427239714
1638,2000,conductor,609401.0,0.0635919534099878,0.9364080465900122
1639,2000,conservationist,528813.0,0.15205375056967205,0.8479462494303279
1640,2000,cook,46762646.0,0.5144339351541399,0.48556606484586007
1641,2000,dancer,322967.0,0.8125102564658309,0.18748974353416908
1642,2000,dentist,1762208.0,0.2042199331747444,0.7957800668252556
1643,2000,designer,9159094.0,0.5719506754707397,0.4280493245292602
1644,2000,dietitian,1012933.0,0.9014051274862207,0.09859487251377924
1645,2000,doctor,8385114.0,0.30236857841169484,0.6976314215883052
1646,2000,doorkeeper,17907376.0,0.2500269162829886,0.7499730837170113
1647,2000,draftsperson,2448078.0,0.2071371908901595,0.7928628091098404
1648,2000,driver,50487326.0,0.12603034274384028,0.8739696572561597
1649,2000,economist,1844504.0,0.5031423081760733,0.49685769182392664
1650,2000,electrician,9676867.0,0.025018737986168403,0.9749812620138315
1651,2000,engineer,30183449.0,0.17611526104919287,0.8238847389508072
1652,2000,entertainer,2803082.0,0.5715608747799743,0.4284391252200257
1653,2000,farmer,9526385.0,0.16130168999048428,0.8386983100095157
1654,2000,fireperson,4108924.0,0.05508546763094178,0.9449145323690582
1655,2000,gardener,15815597.0,0.07594642175063004,0.92405357824937
1656,2000,geologist,883904.0,0.27618270762435737,0.7238172923756426
1657,2000,guard,17907376.0,0.2500269162829886,0.7499730837170113
1658,2000,housekeeper,1579841.0,0.7872114978659245,0.21278850213407552
1659,2000,inspector,3096611.0,0.316806986734853,0.6831930132651469
1660,2000,instructor,14308344.0,0.4736266475002278,0.5263733524997721
1661,2000,janitor,51715665.0,0.5323333848651081,0.46766661513489194
1662,2000,jeweler,1297142.0,0.21682976883024369,0.7831702311697563
1663,2000,judge,10769348.0,0.32801177935748754,0.6719882206425124
1664,2000,laborer,75889075.0,0.1564732473020655,0.8435267526979344
1665,2000,lawyer,10769348.0,0.32801177935748754,0.6719882206425124
1666,2000,librarian,23590036.0,0.8755633098652329,0.12443669013476703
1667,2000,lumberjack,639131.0,0.1251840389528907,0.8748159610471092
1668,2000,machinist,4863761.0,0.05443195091206164,0.9455680490879383
1669,2000,mailperson,8318931.0,0.2864006204643361,0.7135993795356639
1670,2000,manager,209014299.0,0.3866316150934726,0.6133683849065273
1671,2000,mason,2712216.0,0.008637217684727118,0.9913627823152729
1672,2000,mechanic,134169312.0,0.27313846552332327,0.7268615344766768
1673,2000,millwright,806017.0,0.0344707369695676,0.9655292630304324
1674,2000,musician,14683850.0,0.6439765456607088,0.3560234543392911
1675,2000,newsperson,8171193.0,0.5830459517967572,0.4169540482032428
1676,2000,nurse,41846051.0,0.885397668707138,0.11460233129286197
1677,2000,nutritionist,1012933.0,0.9014051274862207,0.09859487251377924
1678,2000,official,209485012.0,0.39248610778894294,0.6075138922110571
1679,2000,operator,19545533.0,0.4576934279561473,0.5423065720438527
1680,2000,optometrist,354109.0,0.3184273768811298,0.6815726231188701
1681,2000,painter,2498018.0,0.16351123170449527,0.8364887682955047
1682,2000,paperhanger,167407.0,0.3099571702497506,0.6900428297502494
1683,2000,pharmacist,2530971.0,0.497166107395146,0.502833892604854
1684,2000,photographer,2264580.0,0.4079908857271547,0.5920091142728453
1685,2000,physician,8385114.0,0.30236857841169484,0.6976314215883052
1686,2000,physicist,207142.0,0.13072674783481858,0.8692732521651814
1687,2000,pilot,1490297.0,0.04623977636672416,0.9537602236332758
1688,2000,plasterer,582180.0,0.015879968394654526,0.9841200316053454
1689,2000,plumber,6905340.0,0.017635771736076687,0.9823642282639233
1690,2000,police,10321435.0,0.1650892535776275,0.8349107464223725
1691,2000,porter,882242.0,0.17731756139471933,0.8226824386052807
1692,2000,postmaster,250910.0,0.5672073651907058,0.4327926348092942
1693,2000,professor,14308344.0,0.4736266475002278,0.5263733524997721
1694,2000,proprietor,206664237.0,0.38914196847710997,0.61085803152289
1695,2000,psychologist,1885382.0,0.661706221869096,0.338293778130904
1696,2000,sailor,342239.0,0.06472669684051198,0.935273303159488
1697,2000,sales,86054504.0,0.456223743965801,0.543776256034199
1698,2000,salesperson,24431909.0,0.44323974029209096,0.556760259707909
1699,2000,scientist,6951698.0,0.3841704573472553,0.6158295426527447
1700,2000,secretary,53252592.0,0.9577227715037796,0.04227722849622038
1701,2000,setter,1106671.0,0.034388720767057186,0.9656112792329428
1702,2000,sheriff,125277.0,0.30410210972484975,0.6958978902751503
1703,2000,shoemaker,2977462.0,0.042495252668212004,0.9575047473317879
1704,2000,smith,1686598.0,0.04644971712287095,0.953550282877129
1705,2000,soldier,9859796.0,0.14443381992893156,0.8555661800710684
1706,2000,statistician,607738.0,0.4189782439143183,0.5810217560856816
1707,2000,surgeon,8385114.0,0.30236857841169484,0.6976314215883052
1708,2000,surveyor,1424678.0,0.1283244354162835,0.8716755645837164
1709,2000,teacher,63566193.0,0.7638249155490561,0.23617508445094387
1710,2000,technician,27460558.0,0.5565712830744372,0.44342871692556285
1711,2000,therapist,6425200.0,0.7768246902820146,0.22317530971798544
1712,2000,toolmaker,1106671.0,0.03438872076705718,0.9656112792329428
1713,2000,tradesperson,65678281.0,0.04877923038211058,0.9512207696178894
1714,2000,typesetter,714868.0,0.4866814572760286,0.5133185427239714
1715,2000,upholsterer,636800.0,0.22062185929648237,0.7793781407035176
1716,2000,veterinarian,705646.0,0.4484259812994051,0.551574018700595
1717,2000,waitstaff,26471442.0,0.7500368510336536,0.24996314896634644
1718,2000,weaver,286539.0,0.6509236090026139,0.349076390997386
1719,2000,welder,7415434.0,0.07177705310302802,0.9282229468969719
1720,2010,accountant,14622690.0,0.6034399963344638,0.39656000366553623
1721,2010,administrator,3720663.0,0.5177402522077382,0.4822597477922618
1722,2010,architect,2410797.0,0.23335602292519855,0.7666439770748014
1723,2010,artist,1506434.0,0.4716230515243283,0.5283769484756717
1724,2010,athlete,2552952.0,0.37976546366715863,0.6202345363328413
1725,2010,attendant,60065026.0,0.8007967731504853,0.1992032268495147
1726,2010,author,1622220.0,0.5877205311240152,0.41227946887598477
1727,2010,bailiff,93564.0,0.3054379889701167,0.6945620110298832
1728,2010,baker,1642160.0,0.5801085156135821,0.4198914843864179
1729,2010,bankteller,2899837.0,0.8531158820306107,0.14688411796938927
1730,2010,bartender,3164241.0,0.6059336188362391,0.3940663811637609
1731,2010,boilermaker,156584.0,0.023437899146783795,0.9765621008532162
1732,2010,bookbinder,196481.0,0.45573363327751787,0.5442663667224821
1733,2010,broker,15288504.0,0.5853385000913104,0.4146614999086895
1734,2010,cabinetmaker,426768.0,0.055711768454991914,0.9442882315450081
1735,2010,carpenter,9444145.0,0.019282846673785704,0.9807171533262142
1736,2010,cashier,30486769.0,0.7471662543183897,0.25283374568161027
1737,2010,chemist,570642.0,0.3925000262861829,0.607499973713817
1738,2010,chiropractor,507710.0,0.4096886017608477,0.5903113982391522
1739,2010,clergy,3987019.0,0.30887387293614604,0.691126127063854
1740,2010,clerical,83568155.0,0.6882830666777315,0.3117169333222685
1741,2010,clerk,4552320.0,0.30606921306059326,0.6939307869394067
1742,2010,compositor,269804.0,0.5125646765800359,0.4874353234199641
1743,2010,conductor,349038.0,0.06380967115328412,0.9361903288467158
1744,2010,conservationist,298450.0,0.16297202211425693,0.837027977885743
1745,2010,cook,34502918.0,0.4909629092820497,0.5090370907179503
1746,2010,dancer,194224.0,0.8455597660433314,0.15444023395666853
1747,2010,dentist,1082975.0,0.26956762621482483,0.7304323737851751
1748,2010,designer,5856267.0,0.5536970906551905,0.4463029093448096
1749,2010,dietitian,629567.0,0.896695665433544,0.10330433456645594
1750,2010,doctor,5658084.0,0.34894356464131676,0.6510564353586833
1751,2010,doorkeeper,11848570.0,0.24835705912190242,0.7516429408780976
1752,2010,draftsperson,1193467.0,0.19760328521861095,0.802396714781389
1753,2010,driver,32093829.0,0.1259348954591862,0.8740651045408138
1754,2010,economist,2095521.0,0.5531822396435063,0.4468177603564936
1755,2010,electrician,5810461.0,0.022356745876101713,0.9776432541238983
1756,2010,engineer,19371300.0,0.19921657297135442,0.8007834270286455
1757,2010,entertainer,1973593.0,0.572892181924034,0.42710781807596604
1758,2010,farmer,5039797.0,0.15312501674174567,0.8468749832582543
1759,2010,fireperson,2529738.0,0.05202791751556873,0.9479720824844312
1760,2010,gardener,11424946.0,0.06772863521630645,0.9322713647836935
1761,2010,geologist,495809.0,0.3039174359481171,0.6960825640518828
1762,2010,guard,11848570.0,0.24835705912190242,0.7516429408780976
1763,2010,housekeeper,868730.0,0.7514118310637368,0.2485881689362633
1764,2010,inspector,2508778.0,0.38140241982351564,0.6185975801764844
1765,2010,instructor,10417738.0,0.49952273708553624,0.5004772629144638
1766,2010,janitor,34635829.0,0.5327608875768499,0.46723911242315
1767,2010,jeweler,752030.0,0.23072217863649055,0.7692778213635094
1768,2010,judge,7236982.0,0.3622537682144297,0.6377462317855703
1769,2010,laborer,50114089.0,0.14840928266699607,0.8515907173330038
1770,2010,lawyer,7236982.0,0.3622537682144297,0.6377462317855703
1771,2010,librarian,12194642.0,0.8585722319687613,0.1414277680312386
1772,2010,lumberjack,259681.0,0.08873579507164553,0.9112642049283544
1773,2010,machinist,2582753.0,0.04620341163092246,0.9537965883690775
1774,2010,mailperson,4404816.0,0.27982780665526097,0.720172193344739
1775,2010,manager,128162102.0,0.39363904159437085,0.6063609584056291
1776,2010,mason,1218465.0,0.008779078594789299,0.9912209214052107
1777,2010,mechanic,76326865.0,0.24324506187958853,0.7567549381204115
1778,2010,millwright,369903.0,0.02193277697125998,0.9780672230287399
1779,2010,musician,11269074.0,0.6294105442913943,0.37058945570860563
1780,2010,newsperson,4500011.0,0.5701334952292338,0.4298665047707661
1781,2010,nurse,30527818.0,0.8722425559533931,0.12775744404660688
1782,2010,nutritionist,629567.0,0.896695665433544,0.10330433456645594
1783,2010,official,130042947.0,0.39595651427370376,0.6040434857262963
1784,2010,operator,9257073.0,0.40380733737327124,0.5961926626267288
1785,2010,optometrist,227529.0,0.40351779333623405,0.596482206663766
1786,2010,painter,1164798.0,0.13745044205089635,0.8625495579491036
1787,2010,paperhanger,14849.0,0.20876826722338204,0.791231732776618
1788,2010,pharmacist,1860680.0,0.5426693466904573,0.45733065330954276
1789,2010,photographer,1704660.0,0.4207888963195006,0.5792111036804993
1790,2010,physician,5658084.0,0.34894356464131676,0.6510564353586833
1791,2010,physicist,79666.0,0.17051188712876253,0.8294881128712375
1792,2010,pilot,840336.0,0.05424020867843336,0.9457597913215666
1793,2010,plasterer,251164.0,0.011757258205793781,0.9882427417942061
1794,2010,plumber,3874804.0,0.015038696150824609,0.9849613038491754
1795,2010,police,6668934.0,0.1700387198313853,0.8299612801686147
1796,2010,porter,608560.0,0.22378237149993427,0.7762176285000657
1797,2010,professor,10417738.0,0.49952273708553624,0.5004772629144638
1798,2010,proprietor,128162102.0,0.39363904159437085,0.6063609584056291
1799,2010,psychologist,1294156.0,0.7031826147697805,0.2968173852302195
1800,2010,sailor,215972.0,0.04880725279202852,0.9511927472079714
1801,2010,sales,51266047.0,0.4532904789791965,0.5467095210208035
1802,2010,salesperson,14093713.0,0.44488553158418936,0.5551144684158107
1803,2010,scientist,4557285.0,0.4261267399339738,0.5738732600660261
1804,2010,secretary,29038590.0,0.9442505645074365,0.055749435492563476
1805,2010,setter,434323.0,0.024933056734273755,0.9750669432657262
1806,2010,sheriff,93564.0,0.3054379889701167,0.6945620110298832
1807,2010,shoemaker,1365258.0,0.048137421644846586,0.9518625783551534
1808,2010,smith,950643.0,0.04467607713936772,0.9553239228606323
1809,2010,soldier,6608164.0,0.1398335452933674,0.8601664547066326
1810,2010,statistician,499498.0,0.437008756791819,0.5629912432081811
1811,2010,surgeon,5658084.0,0.34894356464131676,0.6510564353586833
1812,2010,surveyor,786514.0,0.1427705037672565,0.8572294962327435
1813,2010,teacher,41557947.0,0.7676078657109794,0.23239213428902053
1814,2010,technician,19234861.0,0.5657240777565276,0.4342759222434724
1815,2010,therapist,4918278.0,0.7836846554830776,0.2163153445169224
1816,2010,toolmaker,434323.0,0.024933056734273755,0.9750669432657262
1817,2010,tradesperson,36149797.0,0.0396727815649974,0.9603272184350026
1818,2010,typesetter,269804.0,0.5125646765800359,0.4874353234199641
1819,2010,upholsterer,270615.0,0.1916412615708663,0.8083587384291336
1820,2010,veterinarian,481388.0,0.5485512725701513,0.4514487274298487
1821,2010,waitstaff,17863577.0,0.725698889981553,0.27430111001844704
1822,2010,weaver,76467.0,0.6069023238782743,0.3930976761217257
1823,2010,welder,4460678.0,0.0566617899790121,0.9433382100209878
